{"cameraMode":{"drawMode":0,"name":"Shaded","section":"Shading Mode"},"sceneLighting":false,"audioPlay":false,"sceneViewState":{"m_AlwaysRefresh":false,"showFog":true,"showSkybox":false,"showFlares":true,"showImageEffects":true,"showParticleSystems":true,"showVisualEffectGraphs":true,"m_FxEnabled":true},"in2DMode":false,"pivot":{"x":-7.907613754272461,"y":0.7500005960464478,"z":-10.146842002868653},"rotation":{"x":0.21980734169483186,"y":0.08051073551177979,"z":-0.018037576228380204,"w":0.9723331928253174},"size":3.2390494346618654,"orthographic":false}