{"cameraMode":{"drawMode":0,"name":"Shaded","section":"Shading Mode"},"sceneLighting":false,"audioPlay":false,"sceneViewState":{"m_AlwaysRefresh":false,"showFog":true,"showSkybox":false,"showFlares":true,"showImageEffects":true,"showParticleSystems":true,"showVisualEffectGraphs":true,"m_FxEnabled":true},"in2DMode":false,"pivot":{"x":-1.8108546733856202,"y":-0.21460554003715516,"z":-0.22288961708545686},"rotation":{"x":-0.31591254472732546,"y":0.6202236413955689,"z":-0.29958629608154299,"w":-0.6529719829559326},"size":4.78273344039917,"orthographic":false}