{"cameraMode":{"drawMode":0,"name":"Shaded","section":"Shading Mode"},"sceneLighting":false,"audioPlay":false,"sceneViewState":{"m_AlwaysRefresh":false,"showFog":true,"showSkybox":false,"showFlares":true,"showImageEffects":true,"showParticleSystems":true,"showVisualEffectGraphs":true,"m_FxEnabled":true},"in2DMode":false,"pivot":{"x":-11.74716567993164,"y":12.111679077148438,"z":-13.585894584655762},"rotation":{"x":0.19050222635269166,"y":0.19025257229804994,"z":-0.037316955626010898,"w":0.9626187682151794},"size":2.728081226348877,"orthographic":false}