{"cameraMode":{"drawMode":0,"name":"Shaded","section":"Shading Mode"},"sceneLighting":false,"audioPlay":false,"sceneViewState":{"m_AlwaysRefresh":false,"showFog":true,"showSkybox":false,"showFlares":true,"showImageEffects":true,"showParticleSystems":true,"showVisualEffectGraphs":true,"m_FxEnabled":true},"in2DMode":false,"pivot":{"x":18.1028995513916,"y":4.220187187194824,"z":5.5767340660095219},"rotation":{"x":-0.004809913691133261,"y":0.043940283358097079,"z":-0.0001535330229671672,"w":-0.9993503093719482},"size":3.915748119354248,"orthographic":false}