Using pre-set license
Built from '2022.3/staging' branch; Version is '2022.3.55f1 (9f374180d209) revision 10434369'; Using compiler version '192829333'; Build Type 'Release'
OS: 'Windows 10  (10.0.19045) 64bit Core' Language: 'en' Physical Memory: 16292 MB
BatchMode: 1, IsHumanControllingUs: 0, StartBugReporterOnCrash: 0, Is64bit: 1, IsPro: 1

COMMAND LINE ARGUMENTS:
C:\Program Files\Unity\Hub\Editor\2022.3.55f1\Editor\Unity.exe
-adb2
-batchMode
-noUpm
-name
AssetImportWorker4
-projectPath
D:/Unity Projects/ThermoFlux-Beta100/ThermoFlux-BetaDelieverable
-logFile
Logs/AssetImportWorker4.log
-srvPort
59221
Successfully changed project path to: D:/Unity Projects/ThermoFlux-Beta100/ThermoFlux-BetaDelieverable
D:/Unity Projects/ThermoFlux-Beta100/ThermoFlux-BetaDelieverable
[UnityMemory] Configuration Parameters - Can be set up in boot.config
    "memorysetup-bucket-allocator-granularity=16"
    "memorysetup-bucket-allocator-bucket-count=8"
    "memorysetup-bucket-allocator-block-size=33554432"
    "memorysetup-bucket-allocator-block-count=8"
    "memorysetup-main-allocator-block-size=16777216"
    "memorysetup-thread-allocator-block-size=16777216"
    "memorysetup-gfx-main-allocator-block-size=16777216"
    "memorysetup-gfx-thread-allocator-block-size=16777216"
    "memorysetup-cache-allocator-block-size=4194304"
    "memorysetup-typetree-allocator-block-size=2097152"
    "memorysetup-profiler-bucket-allocator-granularity=16"
    "memorysetup-profiler-bucket-allocator-bucket-count=8"
    "memorysetup-profiler-bucket-allocator-block-size=33554432"
    "memorysetup-profiler-bucket-allocator-block-count=8"
    "memorysetup-profiler-allocator-block-size=16777216"
    "memorysetup-profiler-editor-allocator-block-size=1048576"
    "memorysetup-temp-allocator-size-main=16777216"
    "memorysetup-job-temp-allocator-block-size=2097152"
    "memorysetup-job-temp-allocator-block-size-background=1048576"
    "memorysetup-job-temp-allocator-reduction-small-platforms=262144"
    "memorysetup-allocator-temp-initial-block-size-main=262144"
    "memorysetup-allocator-temp-initial-block-size-worker=262144"
    "memorysetup-temp-allocator-size-background-worker=32768"
    "memorysetup-temp-allocator-size-job-worker=262144"
    "memorysetup-temp-allocator-size-preload-manager=33554432"
    "memorysetup-temp-allocator-size-nav-mesh-worker=65536"
    "memorysetup-temp-allocator-size-audio-worker=65536"
    "memorysetup-temp-allocator-size-cloud-worker=32768"
    "memorysetup-temp-allocator-size-gi-baking-worker=262144"
    "memorysetup-temp-allocator-size-gfx=262144"
Player connection [24664]  Target information:

Player connection [24664]  * "[IP] 192.168.1.150 [Port] 0 [Flags] 2 [Guid] 1606949210 [EditorId] 1606949210 [Version] 1048832 [Id] WindowsEditor(7,DESKTOP-PRUJ1DM) [Debug] 1 [PackageName] WindowsEditor [ProjectName] Editor" 

Player connection [24664] Host joined multi-casting on [225.0.0.222:54997]...
Player connection [24664] Host joined alternative multi-casting on [225.0.0.222:34997]...
[PhysX] Initialized MultithreadedTaskDispatcher with 16 workers.
Refreshing native plugins compatible for Editor in 8.77 ms, found 3 plugins.
Preloading 0 native plugins for Editor in 0.00 ms.
Initialize engine version: 2022.3.55f1 (9f374180d209)
[Subsystems] Discovering subsystems at path C:/Program Files/Unity/Hub/Editor/2022.3.55f1/Editor/Data/Resources/UnitySubsystems
[Subsystems] Discovering subsystems at path D:/Unity Projects/ThermoFlux-Beta100/ThermoFlux-BetaDelieverable/Assets
GfxDevice: creating device client; threaded=0; jobified=0
Direct3D:
    Version:  Direct3D 11.0 [level 11.1]
    Renderer: NVIDIA GeForce RTX 2070 SUPER (ID=0x1e84)
    Vendor:   NVIDIA
    VRAM:     7989 MB
    Driver:   32.0.15.6094
Initialize mono
Mono path[0] = 'C:/Program Files/Unity/Hub/Editor/2022.3.55f1/Editor/Data/Managed'
Mono path[1] = 'C:/Program Files/Unity/Hub/Editor/2022.3.55f1/Editor/Data/MonoBleedingEdge/lib/mono/unityjit-win32'
Mono config path = 'C:/Program Files/Unity/Hub/Editor/2022.3.55f1/Editor/Data/MonoBleedingEdge/etc'
Using monoOptions --debugger-agent=transport=dt_socket,embedding=1,server=y,suspend=n,address=127.0.0.1:56452
Begin MonoManager ReloadAssembly
Registering precompiled unity dll's ...
Register platform support module: C:/Program Files/Unity/Hub/Editor/2022.3.55f1/Editor/Data/PlaybackEngines/WebGLSupport/UnityEditor.WebGL.Extensions.dll
Register platform support module: C:/Program Files/Unity/Hub/Editor/2022.3.55f1/Editor/Data/PlaybackEngines/AndroidPlayer/UnityEditor.Android.Extensions.dll
Register platform support module: C:/Program Files/Unity/Hub/Editor/2022.3.55f1/Editor/Data/PlaybackEngines/WindowsStandaloneSupport/UnityEditor.WindowsStandalone.Extensions.dll
Registered in 0.013555 seconds.
- Loaded All Assemblies, in  0.337 seconds
Native extension for WindowsStandalone target not found
Native extension for Android target not found
Android Extension - Scanning For ADB Devices 221 ms
Native extension for WebGL target not found
Mono: successfully reloaded assembly
- Finished resetting the current domain, in  0.501 seconds
Domain Reload Profiling: 835ms
	BeginReloadAssembly (97ms)
		ExecutionOrderSort (0ms)
		DisableScriptedObjects (0ms)
		BackupInstance (0ms)
		ReleaseScriptingObjects (0ms)
		CreateAndSetChildDomain (1ms)
	RebuildCommonClasses (32ms)
	RebuildNativeTypeToScriptingClass (11ms)
	initialDomainReloadingComplete (60ms)
	LoadAllAssembliesAndSetupDomain (135ms)
		LoadAssemblies (95ms)
		RebuildTransferFunctionScriptingTraits (0ms)
		AnalyzeDomain (132ms)
			TypeCache.Refresh (131ms)
				TypeCache.ScanAssembly (119ms)
			ScanForSourceGeneratedMonoScriptInfo (0ms)
			ResolveRequiredComponents (0ms)
	FinalizeReload (501ms)
		ReleaseScriptCaches (0ms)
		RebuildScriptCaches (0ms)
		SetupLoadedEditorAssemblies (461ms)
			LogAssemblyErrors (0ms)
			InitializePlatformSupportModulesInManaged (313ms)
			SetLoadedEditorAssemblies (4ms)
			RefreshPlugins (0ms)
			BeforeProcessingInitializeOnLoad (2ms)
			ProcessInitializeOnLoadAttributes (106ms)
			ProcessInitializeOnLoadMethodAttributes (36ms)
			AfterProcessingInitializeOnLoad (0ms)
			EditorAssembliesLoaded (0ms)
		ExecutionOrderSort2 (0ms)
		AwakeInstancesAfterBackupRestoration (0ms)
========================================================================
Worker process is ready to serve import requests
Caller must complete domain reload
Begin MonoManager ReloadAssembly
- Loaded All Assemblies, in  0.705 seconds
Native extension for WindowsStandalone target not found
Native extension for Android target not found
Native extension for WebGL target not found
Mono: successfully reloaded assembly
- Finished resetting the current domain, in  0.652 seconds
Domain Reload Profiling: 1354ms
	BeginReloadAssembly (156ms)
		ExecutionOrderSort (0ms)
		DisableScriptedObjects (5ms)
		BackupInstance (0ms)
		ReleaseScriptingObjects (0ms)
		CreateAndSetChildDomain (19ms)
	RebuildCommonClasses (40ms)
	RebuildNativeTypeToScriptingClass (14ms)
	initialDomainReloadingComplete (44ms)
	LoadAllAssembliesAndSetupDomain (448ms)
		LoadAssemblies (317ms)
		RebuildTransferFunctionScriptingTraits (0ms)
		AnalyzeDomain (231ms)
			TypeCache.Refresh (198ms)
				TypeCache.ScanAssembly (182ms)
			ScanForSourceGeneratedMonoScriptInfo (21ms)
			ResolveRequiredComponents (10ms)
	FinalizeReload (652ms)
		ReleaseScriptCaches (0ms)
		RebuildScriptCaches (0ms)
		SetupLoadedEditorAssemblies (498ms)
			LogAssemblyErrors (0ms)
			InitializePlatformSupportModulesInManaged (19ms)
			SetLoadedEditorAssemblies (4ms)
			RefreshPlugins (0ms)
			BeforeProcessingInitializeOnLoad (75ms)
			ProcessInitializeOnLoadAttributes (332ms)
			ProcessInitializeOnLoadMethodAttributes (59ms)
			AfterProcessingInitializeOnLoad (9ms)
			EditorAssembliesLoaded (0ms)
		ExecutionOrderSort2 (0ms)
		AwakeInstancesAfterBackupRestoration (4ms)
Launched and connected shader compiler UnityShaderCompiler.exe after 0.04 seconds
Refreshing native plugins compatible for Editor in 2.93 ms, found 3 plugins.
Preloading 0 native plugins for Editor in 0.00 ms.
Unloading 5625 Unused Serialized files (Serialized files now loaded: 0)
Unloading 40 unused Assets / (417.9 KB). Loaded Objects now: 6096.
Memory consumption went from 217.6 MB to 217.2 MB.
Total: 3.407600 ms (FindLiveObjects: 0.425700 ms CreateObjectMapping: 0.157100 ms MarkObjects: 2.646000 ms  DeleteObjects: 0.178000 ms)

AssetImportParameters requested are different than current active one (requested -> active):
  custom:container-demuxer-ogg: 62fdf1f143b41e24485cea50d1cbac27 -> 
  custom:video-decoder-ogg-theora: a1e56fd34408186e4bbccfd4996cb3dc -> 
  custom:framework-win-MediaFoundation: 216162199b28c13a410421893ffa2e32 -> 
  custom:CustomObjectIndexerAttribute: 72b91833f83ae208fae7752999fa3104 -> 
  custom:container-demuxer-webm: 4f35f7cbe854078d1ac9338744f61a02 -> 
  custom:container-muxer-webm: aa71ff27fc2769a1b78a27578f13a17b -> 
  custom:video-decoder-webm-vp8: 9c59270c3fd7afecdb556c50c9e8de78 -> 
  custom:SearchIndexIgnoredProperties: e643bd26f0fe6173181afceb89e7c659 -> 
  custom:AudioImporter_EditorPlatform: d09bf68614088b80899f8185d706f6e7 -> 
  custom:video-encoder-webm-vp8: eb34c28f22e8b96e1ab97ce403110664 -> 
  custom:audio-decoder-ogg-vorbis: bf7c407c2cedff20999df2af8eb42d56 -> 
  custom:audio-encoder-webm-vorbis: bf7c407c2cedff20999df2af8eb42d56 -> 
========================================================================
Received Prepare
Caller must complete domain reload
Begin MonoManager ReloadAssembly
- Loaded All Assemblies, in  0.495 seconds
Native extension for WindowsStandalone target not found
Native extension for Android target not found
Native extension for WebGL target not found
Mono: successfully reloaded assembly
- Finished resetting the current domain, in  1.168 seconds
Domain Reload Profiling: 1660ms
	BeginReloadAssembly (159ms)
		ExecutionOrderSort (0ms)
		DisableScriptedObjects (4ms)
		BackupInstance (0ms)
		ReleaseScriptingObjects (0ms)
		CreateAndSetChildDomain (36ms)
	RebuildCommonClasses (33ms)
	RebuildNativeTypeToScriptingClass (11ms)
	initialDomainReloadingComplete (33ms)
	LoadAllAssembliesAndSetupDomain (255ms)
		LoadAssemblies (315ms)
		RebuildTransferFunctionScriptingTraits (0ms)
		AnalyzeDomain (26ms)
			TypeCache.Refresh (6ms)
				TypeCache.ScanAssembly (0ms)
			ScanForSourceGeneratedMonoScriptInfo (0ms)
			ResolveRequiredComponents (17ms)
	FinalizeReload (1169ms)
		ReleaseScriptCaches (0ms)
		RebuildScriptCaches (0ms)
		SetupLoadedEditorAssemblies (582ms)
			LogAssemblyErrors (0ms)
			InitializePlatformSupportModulesInManaged (21ms)
			SetLoadedEditorAssemblies (5ms)
			RefreshPlugins (0ms)
			BeforeProcessingInitializeOnLoad (81ms)
			ProcessInitializeOnLoadAttributes (379ms)
			ProcessInitializeOnLoadMethodAttributes (83ms)
			AfterProcessingInitializeOnLoad (13ms)
			EditorAssembliesLoaded (0ms)
		ExecutionOrderSort2 (0ms)
		AwakeInstancesAfterBackupRestoration (11ms)
Refreshing native plugins compatible for Editor in 3.16 ms, found 3 plugins.
Preloading 0 native plugins for Editor in 0.00 ms.
Unloading 5463 Unused Serialized files (Serialized files now loaded: 0)
Unloading 21 unused Assets / (387.7 KB). Loaded Objects now: 6112.
Memory consumption went from 189.0 MB to 188.6 MB.
Total: 4.674800 ms (FindLiveObjects: 0.573100 ms CreateObjectMapping: 0.209100 ms MarkObjects: 3.676900 ms  DeleteObjects: 0.213900 ms)

Prepare: number of updated asset objects reloaded= 0
AssetImportParameters requested are different than current active one (requested -> active):
  custom:container-demuxer-ogg: 62fdf1f143b41e24485cea50d1cbac27 -> 
  custom:video-decoder-ogg-theora: a1e56fd34408186e4bbccfd4996cb3dc -> 
  custom:framework-win-MediaFoundation: 216162199b28c13a410421893ffa2e32 -> 
  custom:CustomObjectIndexerAttribute: 72b91833f83ae208fae7752999fa3104 -> 
  custom:container-demuxer-webm: 4f35f7cbe854078d1ac9338744f61a02 -> 
  custom:container-muxer-webm: aa71ff27fc2769a1b78a27578f13a17b -> 
  custom:video-decoder-webm-vp8: 9c59270c3fd7afecdb556c50c9e8de78 -> 
  custom:SearchIndexIgnoredProperties: e643bd26f0fe6173181afceb89e7c659 -> 
  custom:AudioImporter_EditorPlatform: d09bf68614088b80899f8185d706f6e7 -> 
  custom:video-encoder-webm-vp8: eb34c28f22e8b96e1ab97ce403110664 -> 
  custom:audio-decoder-ogg-vorbis: bf7c407c2cedff20999df2af8eb42d56 -> 
  custom:audio-encoder-webm-vorbis: bf7c407c2cedff20999df2af8eb42d56 -> 
========================================================================
Received Prepare
Caller must complete domain reload
Begin MonoManager ReloadAssembly
- Loaded All Assemblies, in  0.468 seconds
Native extension for WindowsStandalone target not found
Native extension for Android target not found
Native extension for WebGL target not found
Mono: successfully reloaded assembly
- Finished resetting the current domain, in  1.074 seconds
Domain Reload Profiling: 1539ms
	BeginReloadAssembly (156ms)
		ExecutionOrderSort (0ms)
		DisableScriptedObjects (4ms)
		BackupInstance (0ms)
		ReleaseScriptingObjects (0ms)
		CreateAndSetChildDomain (32ms)
	RebuildCommonClasses (35ms)
	RebuildNativeTypeToScriptingClass (11ms)
	initialDomainReloadingComplete (34ms)
	LoadAllAssembliesAndSetupDomain (228ms)
		LoadAssemblies (290ms)
		RebuildTransferFunctionScriptingTraits (0ms)
		AnalyzeDomain (21ms)
			TypeCache.Refresh (7ms)
				TypeCache.ScanAssembly (0ms)
			ScanForSourceGeneratedMonoScriptInfo (0ms)
			ResolveRequiredComponents (13ms)
	FinalizeReload (1075ms)
		ReleaseScriptCaches (0ms)
		RebuildScriptCaches (0ms)
		SetupLoadedEditorAssemblies (524ms)
			LogAssemblyErrors (0ms)
			InitializePlatformSupportModulesInManaged (21ms)
			SetLoadedEditorAssemblies (4ms)
			RefreshPlugins (0ms)
			BeforeProcessingInitializeOnLoad (79ms)
			ProcessInitializeOnLoadAttributes (341ms)
			ProcessInitializeOnLoadMethodAttributes (68ms)
			AfterProcessingInitializeOnLoad (11ms)
			EditorAssembliesLoaded (0ms)
		ExecutionOrderSort2 (0ms)
		AwakeInstancesAfterBackupRestoration (9ms)
Refreshing native plugins compatible for Editor in 3.14 ms, found 3 plugins.
Preloading 0 native plugins for Editor in 0.00 ms.
Unloading 5463 Unused Serialized files (Serialized files now loaded: 0)
Unloading 21 unused Assets / (387.8 KB). Loaded Objects now: 6128.
Memory consumption went from 189.0 MB to 188.6 MB.
Total: 3.876800 ms (FindLiveObjects: 0.582500 ms CreateObjectMapping: 0.140000 ms MarkObjects: 3.039800 ms  DeleteObjects: 0.113600 ms)

Prepare: number of updated asset objects reloaded= 0
AssetImportParameters requested are different than current active one (requested -> active):
  custom:container-demuxer-ogg: 62fdf1f143b41e24485cea50d1cbac27 -> 
  custom:video-decoder-ogg-theora: a1e56fd34408186e4bbccfd4996cb3dc -> 
  custom:framework-win-MediaFoundation: 216162199b28c13a410421893ffa2e32 -> 
  custom:CustomObjectIndexerAttribute: 72b91833f83ae208fae7752999fa3104 -> 
  custom:container-demuxer-webm: 4f35f7cbe854078d1ac9338744f61a02 -> 
  custom:container-muxer-webm: aa71ff27fc2769a1b78a27578f13a17b -> 
  custom:video-decoder-webm-vp8: 9c59270c3fd7afecdb556c50c9e8de78 -> 
  custom:SearchIndexIgnoredProperties: e643bd26f0fe6173181afceb89e7c659 -> 
  custom:AudioImporter_EditorPlatform: d09bf68614088b80899f8185d706f6e7 -> 
  custom:video-encoder-webm-vp8: eb34c28f22e8b96e1ab97ce403110664 -> 
  custom:audio-decoder-ogg-vorbis: bf7c407c2cedff20999df2af8eb42d56 -> 
  custom:audio-encoder-webm-vorbis: bf7c407c2cedff20999df2af8eb42d56 -> 
========================================================================
Received Prepare
Caller must complete domain reload
Begin MonoManager ReloadAssembly
- Loaded All Assemblies, in  0.467 seconds
Native extension for WindowsStandalone target not found
Native extension for Android target not found
Native extension for WebGL target not found
Mono: successfully reloaded assembly
- Finished resetting the current domain, in  1.084 seconds
Domain Reload Profiling: 1548ms
	BeginReloadAssembly (147ms)
		ExecutionOrderSort (0ms)
		DisableScriptedObjects (4ms)
		BackupInstance (0ms)
		ReleaseScriptingObjects (0ms)
		CreateAndSetChildDomain (31ms)
	RebuildCommonClasses (33ms)
	RebuildNativeTypeToScriptingClass (12ms)
	initialDomainReloadingComplete (34ms)
	LoadAllAssembliesAndSetupDomain (237ms)
		LoadAssemblies (298ms)
		RebuildTransferFunctionScriptingTraits (0ms)
		AnalyzeDomain (20ms)
			TypeCache.Refresh (6ms)
				TypeCache.ScanAssembly (0ms)
			ScanForSourceGeneratedMonoScriptInfo (0ms)
			ResolveRequiredComponents (12ms)
	FinalizeReload (1085ms)
		ReleaseScriptCaches (0ms)
		RebuildScriptCaches (0ms)
		SetupLoadedEditorAssemblies (520ms)
			LogAssemblyErrors (0ms)
			InitializePlatformSupportModulesInManaged (22ms)
			SetLoadedEditorAssemblies (5ms)
			RefreshPlugins (0ms)
			BeforeProcessingInitializeOnLoad (79ms)
			ProcessInitializeOnLoadAttributes (344ms)
			ProcessInitializeOnLoadMethodAttributes (60ms)
			AfterProcessingInitializeOnLoad (10ms)
			EditorAssembliesLoaded (0ms)
		ExecutionOrderSort2 (0ms)
		AwakeInstancesAfterBackupRestoration (8ms)
Refreshing native plugins compatible for Editor in 3.11 ms, found 3 plugins.
Preloading 0 native plugins for Editor in 0.00 ms.
Unloading 5463 Unused Serialized files (Serialized files now loaded: 0)
Unloading 21 unused Assets / (387.8 KB). Loaded Objects now: 6144.
Memory consumption went from 189.0 MB to 188.6 MB.
Total: 4.278000 ms (FindLiveObjects: 0.677300 ms CreateObjectMapping: 0.172000 ms MarkObjects: 3.304700 ms  DeleteObjects: 0.123300 ms)

Prepare: number of updated asset objects reloaded= 0
AssetImportParameters requested are different than current active one (requested -> active):
  custom:container-demuxer-ogg: 62fdf1f143b41e24485cea50d1cbac27 -> 
  custom:video-decoder-ogg-theora: a1e56fd34408186e4bbccfd4996cb3dc -> 
  custom:framework-win-MediaFoundation: 216162199b28c13a410421893ffa2e32 -> 
  custom:CustomObjectIndexerAttribute: 72b91833f83ae208fae7752999fa3104 -> 
  custom:container-demuxer-webm: 4f35f7cbe854078d1ac9338744f61a02 -> 
  custom:container-muxer-webm: aa71ff27fc2769a1b78a27578f13a17b -> 
  custom:video-decoder-webm-vp8: 9c59270c3fd7afecdb556c50c9e8de78 -> 
  custom:SearchIndexIgnoredProperties: e643bd26f0fe6173181afceb89e7c659 -> 
  custom:AudioImporter_EditorPlatform: d09bf68614088b80899f8185d706f6e7 -> 
  custom:video-encoder-webm-vp8: eb34c28f22e8b96e1ab97ce403110664 -> 
  custom:audio-decoder-ogg-vorbis: bf7c407c2cedff20999df2af8eb42d56 -> 
  custom:audio-encoder-webm-vorbis: bf7c407c2cedff20999df2af8eb42d56 -> 
========================================================================
Received Import Request.
  Time since last request: 17943.505451 seconds.
  path: Assets/Art Assets/Player_Model/whateverCast_hold.fbx
  artifactKey: Guid(b723b4542574afa4092e9cfd3f479d2f) Importer(815301076,1909f56bfc062723c751e8b465ee728b)
Start importing Assets/Art Assets/Player_Model/whateverCast_hold.fbx using Guid(b723b4542574afa4092e9cfd3f479d2f) Importer(815301076,1909f56bfc062723c751e8b465ee728b) [PhysX] Initialized MultithreadedTaskDispatcher with 16 workers.
[PhysX] Initialized MultithreadedTaskDispatcher with 16 workers.
[PhysX] Initialized MultithreadedTaskDispatcher with 16 workers.
[PhysX] Initialized MultithreadedTaskDispatcher with 16 workers.
[PhysX] Initialized MultithreadedTaskDispatcher with 16 workers.
[PhysX] Initialized MultithreadedTaskDispatcher with 16 workers.
[PhysX] Initialized MultithreadedTaskDispatcher with 16 workers.
[PhysX] Initialized MultithreadedTaskDispatcher with 16 workers.
[PhysX] Initialized MultithreadedTaskDispatcher with 16 workers.
[PhysX] Initialized MultithreadedTaskDispatcher with 16 workers.
[PhysX] Initialized MultithreadedTaskDispatcher with 16 workers.
[PhysX] Initialized MultithreadedTaskDispatcher with 16 workers.
[PhysX] Initialized MultithreadedTaskDispatcher with 16 workers.
[PhysX] Initialized MultithreadedTaskDispatcher with 16 workers.
[PhysX] Initialized MultithreadedTaskDispatcher with 16 workers.
[PhysX] Initialized MultithreadedTaskDispatcher with 16 workers.
[PhysX] Initialized MultithreadedTaskDispatcher with 16 workers.
[PhysX] Initialized MultithreadedTaskDispatcher with 16 workers.
[PhysX] Initialized MultithreadedTaskDispatcher with 16 workers.
[PhysX] Initialized MultithreadedTaskDispatcher with 16 workers.
[PhysX] Initialized MultithreadedTaskDispatcher with 16 workers.
[PhysX] Initialized MultithreadedTaskDispatcher with 16 workers.
[PhysX] Initialized MultithreadedTaskDispatcher with 16 workers.
[PhysX] Initialized MultithreadedTaskDispatcher with 16 workers.
[PhysX] Initialized MultithreadedTaskDispatcher with 16 workers.
[PhysX] Initialized MultithreadedTaskDispatcher with 16 workers.
[PhysX] Initialized MultithreadedTaskDispatcher with 16 workers.
[PhysX] Initialized MultithreadedTaskDispatcher with 16 workers.
[PhysX] Initialized MultithreadedTaskDispatcher with 16 workers.
[PhysX] Initialized MultithreadedTaskDispatcher with 16 workers.
[PhysX] Initialized MultithreadedTaskDispatcher with 16 workers.
[PhysX] Initialized MultithreadedTaskDispatcher with 16 workers.
[PhysX] Initialized MultithreadedTaskDispatcher with 16 workers.
[PhysX] Initialized MultithreadedTaskDispatcher with 16 workers.
[PhysX] Initialized MultithreadedTaskDispatcher with 16 workers.
[PhysX] Initialized MultithreadedTaskDispatcher with 16 workers.
[PhysX] Initialized MultithreadedTaskDispatcher with 16 workers.
[PhysX] Initialized MultithreadedTaskDispatcher with 16 workers.
[PhysX] Initialized MultithreadedTaskDispatcher with 16 workers.
[PhysX] Initialized MultithreadedTaskDispatcher with 16 workers.
[PhysX] Initialized MultithreadedTaskDispatcher with 16 workers.
[PhysX] Initialized MultithreadedTaskDispatcher with 16 workers.
[PhysX] Initialized MultithreadedTaskDispatcher with 16 workers.
[PhysX] Initialized MultithreadedTaskDispatcher with 16 workers.
[PhysX] Initialized MultithreadedTaskDispatcher with 16 workers.
[PhysX] Initialized MultithreadedTaskDispatcher with 16 workers.
[PhysX] Initialized MultithreadedTaskDispatcher with 16 workers.
[PhysX] Initialized MultithreadedTaskDispatcher with 16 workers.
[PhysX] Initialized MultithreadedTaskDispatcher with 16 workers.
[PhysX] Initialized MultithreadedTaskDispatcher with 16 workers.
[PhysX] Initialized MultithreadedTaskDispatcher with 16 workers.
[PhysX] Initialized MultithreadedTaskDispatcher with 16 workers.
[PhysX] Initialized MultithreadedTaskDispatcher with 16 workers.
[PhysX] Initialized MultithreadedTaskDispatcher with 16 workers.
[PhysX] Initialized MultithreadedTaskDispatcher with 16 workers.
[PhysX] Initialized MultithreadedTaskDispatcher with 16 workers.
[PhysX] Initialized MultithreadedTaskDispatcher with 16 workers.
[PhysX] Initialized MultithreadedTaskDispatcher with 16 workers.
[PhysX] Initialized MultithreadedTaskDispatcher with 16 workers.
[PhysX] Initialized MultithreadedTaskDispatcher with 16 workers.
[PhysX] Initialized MultithreadedTaskDispatcher with 16 workers.
[PhysX] Initialized MultithreadedTaskDispatcher with 16 workers.
[PhysX] Initialized MultithreadedTaskDispatcher with 16 workers.
[PhysX] Initialized MultithreadedTaskDispatcher with 16 workers.
[PhysX] Initialized MultithreadedTaskDispatcher with 16 workers.
[PhysX] Initialized MultithreadedTaskDispatcher with 16 workers.
[PhysX] Initialized MultithreadedTaskDispatcher with 16 workers.
[PhysX] Initialized MultithreadedTaskDispatcher with 16 workers.
[PhysX] Initialized MultithreadedTaskDispatcher with 16 workers.
[PhysX] Initialized MultithreadedTaskDispatcher with 16 workers.
[PhysX] Initialized MultithreadedTaskDispatcher with 16 workers.
[PhysX] Initialized MultithreadedTaskDispatcher with 16 workers.
[PhysX] Initialized MultithreadedTaskDispatcher with 16 workers.
[PhysX] Initialized MultithreadedTaskDispatcher with 16 workers.
[PhysX] Initialized MultithreadedTaskDispatcher with 16 workers.
[PhysX] Initialized MultithreadedTaskDispatcher with 16 workers.
[PhysX] Initialized MultithreadedTaskDispatcher with 16 workers.
[PhysX] Initialized MultithreadedTaskDispatcher with 16 workers.
[PhysX] Initialized MultithreadedTaskDispatcher with 16 workers.
[PhysX] Initialized MultithreadedTaskDispatcher with 16 workers.
[PhysX] Initialized MultithreadedTaskDispatcher with 16 workers.
[PhysX] Initialized MultithreadedTaskDispatcher with 16 workers.
 -> (artifact id: 'f4434af288315ef6d4c02e478457008f') in 0.708188 seconds
Number of updated asset objects reloaded before import = 0
Number of asset objects unloaded after import = 548
========================================================================
Received Import Request.
  Time since last request: 0.000034 seconds.
  path: Assets/Polygonal Particles/Assets/Meshes/PolygonalMesh.fbx
  artifactKey: Guid(376153f3bc577c84ead7c2bc8df9c990) Importer(815301076,1909f56bfc062723c751e8b465ee728b)
Start importing Assets/Polygonal Particles/Assets/Meshes/PolygonalMesh.fbx using Guid(376153f3bc577c84ead7c2bc8df9c990) Importer(815301076,1909f56bfc062723c751e8b465ee728b) [PhysX] Initialized MultithreadedTaskDispatcher with 16 workers.
[PhysX] Initialized MultithreadedTaskDispatcher with 16 workers.
[PhysX] Initialized MultithreadedTaskDispatcher with 16 workers.
[PhysX] Initialized MultithreadedTaskDispatcher with 16 workers.
[PhysX] Initialized MultithreadedTaskDispatcher with 16 workers.
 -> (artifact id: '56d9d734d7835c273e54a0855ae542bf') in 0.041917 seconds
Number of updated asset objects reloaded before import = 0
Number of asset objects unloaded after import = 19
========================================================================
Received Import Request.
  Time since last request: 0.000029 seconds.
  path: Assets/Polygonal Particles/Assets/Materials/Snow.mat
  artifactKey: Guid(ca890bf583739f64e8a7cee0a52cea73) Importer(815301076,1909f56bfc062723c751e8b465ee728b)
Start importing Assets/Polygonal Particles/Assets/Materials/Snow.mat using Guid(ca890bf583739f64e8a7cee0a52cea73) Importer(815301076,1909f56bfc062723c751e8b465ee728b) [PhysX] Initialized MultithreadedTaskDispatcher with 16 workers.
[PhysX] Initialized MultithreadedTaskDispatcher with 16 workers.
 -> (artifact id: 'c37da8a05db916bfb17bee42273f78b8') in 0.015970 seconds
Number of updated asset objects reloaded before import = 0
Number of asset objects unloaded after import = 2
========================================================================
Received Import Request.
  Time since last request: 0.000031 seconds.
  path: Assets/Polygonal Particles/Assets/Materials/SkyboxMaterial.mat
  artifactKey: Guid(fac2f58a8eabe2d44bebf8f6d0d7d74b) Importer(815301076,1909f56bfc062723c751e8b465ee728b)
Start importing Assets/Polygonal Particles/Assets/Materials/SkyboxMaterial.mat using Guid(fac2f58a8eabe2d44bebf8f6d0d7d74b) Importer(815301076,1909f56bfc062723c751e8b465ee728b) [PhysX] Initialized MultithreadedTaskDispatcher with 16 workers.
[PhysX] Initialized MultithreadedTaskDispatcher with 16 workers.
 -> (artifact id: '11684144fcb6a7ab843ba3b0c48c474c') in 0.017184 seconds
Number of updated asset objects reloaded before import = 0
Number of asset objects unloaded after import = 2
========================================================================
Received Import Request.
  Time since last request: 0.000037 seconds.
  path: Assets/Art Assets/Ethan-Beta-Assets/EthansAssets/LargePipeValve.fbx
  artifactKey: Guid(658a876705471894a874969349450ae6) Importer(815301076,1909f56bfc062723c751e8b465ee728b)
Start importing Assets/Art Assets/Ethan-Beta-Assets/EthansAssets/LargePipeValve.fbx using Guid(658a876705471894a874969349450ae6) Importer(815301076,1909f56bfc062723c751e8b465ee728b) [PhysX] Initialized MultithreadedTaskDispatcher with 16 workers.
[PhysX] Initialized MultithreadedTaskDispatcher with 16 workers.
[PhysX] Initialized MultithreadedTaskDispatcher with 16 workers.
[PhysX] Initialized MultithreadedTaskDispatcher with 16 workers.
[PhysX] Initialized MultithreadedTaskDispatcher with 16 workers.
[PhysX] Initialized MultithreadedTaskDispatcher with 16 workers.
[PhysX] Initialized MultithreadedTaskDispatcher with 16 workers.
[PhysX] Initialized MultithreadedTaskDispatcher with 16 workers.
[PhysX] Initialized MultithreadedTaskDispatcher with 16 workers.
[PhysX] Initialized MultithreadedTaskDispatcher with 16 workers.
[PhysX] Initialized MultithreadedTaskDispatcher with 16 workers.
 -> (artifact id: '3421706ee403f157d313ecfef8bf3e90') in 0.066465 seconds
Number of updated asset objects reloaded before import = 0
Number of asset objects unloaded after import = 23
========================================================================
Received Import Request.
  Time since last request: 0.000024 seconds.
  path: Assets/Art Assets/Ethan-Beta-Assets/Saw/Materials/Saw_lambert1_BaseMap.mat
  artifactKey: Guid(43e9e8cf6da273b4d890bc863fee9da5) Importer(815301076,1909f56bfc062723c751e8b465ee728b)
Start importing Assets/Art Assets/Ethan-Beta-Assets/Saw/Materials/Saw_lambert1_BaseMap.mat using Guid(43e9e8cf6da273b4d890bc863fee9da5) Importer(815301076,1909f56bfc062723c751e8b465ee728b) [PhysX] Initialized MultithreadedTaskDispatcher with 16 workers.
[PhysX] Initialized MultithreadedTaskDispatcher with 16 workers.
 -> (artifact id: '84a75e2b0c1a4f8fa5e8818831baeda2') in 0.020473 seconds
Number of updated asset objects reloaded before import = 0
Number of asset objects unloaded after import = 3
========================================================================
Received Import Request.
  Time since last request: 0.000027 seconds.
  path: Assets/Art Assets/ThermoFlux-Art-Assets/Large Pipes/LargePipeValve.fbx
  artifactKey: Guid(7baab4b91885f35459ff282a26915d1c) Importer(815301076,1909f56bfc062723c751e8b465ee728b)
Start importing Assets/Art Assets/ThermoFlux-Art-Assets/Large Pipes/LargePipeValve.fbx using Guid(7baab4b91885f35459ff282a26915d1c) Importer(815301076,1909f56bfc062723c751e8b465ee728b) [PhysX] Initialized MultithreadedTaskDispatcher with 16 workers.
[PhysX] Initialized MultithreadedTaskDispatcher with 16 workers.
[PhysX] Initialized MultithreadedTaskDispatcher with 16 workers.
[PhysX] Initialized MultithreadedTaskDispatcher with 16 workers.
[PhysX] Initialized MultithreadedTaskDispatcher with 16 workers.
[PhysX] Initialized MultithreadedTaskDispatcher with 16 workers.
[PhysX] Initialized MultithreadedTaskDispatcher with 16 workers.
[PhysX] Initialized MultithreadedTaskDispatcher with 16 workers.
[PhysX] Initialized MultithreadedTaskDispatcher with 16 workers.
 -> (artifact id: '7e9e92c3ba69f9251ab718d10a1b1c55') in 0.048762 seconds
Number of updated asset objects reloaded before import = 0
Number of asset objects unloaded after import = 21
========================================================================
Received Import Request.
  Time since last request: 0.000027 seconds.
  path: Assets/Art Assets/ThermoFlux-Machine_Art/Assets/StarterAssets/Environment/Art/Skybox/SkyboxLite.mat
  artifactKey: Guid(f6c51332ac7d92541a38fb263b09d2a8) Importer(815301076,1909f56bfc062723c751e8b465ee728b)
Start importing Assets/Art Assets/ThermoFlux-Machine_Art/Assets/StarterAssets/Environment/Art/Skybox/SkyboxLite.mat using Guid(f6c51332ac7d92541a38fb263b09d2a8) Importer(815301076,1909f56bfc062723c751e8b465ee728b) [PhysX] Initialized MultithreadedTaskDispatcher with 16 workers.
[PhysX] Initialized MultithreadedTaskDispatcher with 16 workers.
 -> (artifact id: '236e282e573a20e1d2e1feee7619dc59') in 0.105685 seconds
Number of updated asset objects reloaded before import = 0
Number of asset objects unloaded after import = 2
========================================================================
Received Import Request.
  Time since last request: 0.000028 seconds.
  path: Assets/Art Assets/Player_Model/whateverCast_start.fbx
  artifactKey: Guid(286e7b145288a7c438298c915f10598f) Importer(815301076,1909f56bfc062723c751e8b465ee728b)
Start importing Assets/Art Assets/Player_Model/whateverCast_start.fbx using Guid(286e7b145288a7c438298c915f10598f) Importer(815301076,1909f56bfc062723c751e8b465ee728b) [PhysX] Initialized MultithreadedTaskDispatcher with 16 workers.
[PhysX] Initialized MultithreadedTaskDispatcher with 16 workers.
[PhysX] Initialized MultithreadedTaskDispatcher with 16 workers.
[PhysX] Initialized MultithreadedTaskDispatcher with 16 workers.
[PhysX] Initialized MultithreadedTaskDispatcher with 16 workers.
[PhysX] Initialized MultithreadedTaskDispatcher with 16 workers.
[PhysX] Initialized MultithreadedTaskDispatcher with 16 workers.
[PhysX] Initialized MultithreadedTaskDispatcher with 16 workers.
[PhysX] Initialized MultithreadedTaskDispatcher with 16 workers.
[PhysX] Initialized MultithreadedTaskDispatcher with 16 workers.
[PhysX] Initialized MultithreadedTaskDispatcher with 16 workers.
[PhysX] Initialized MultithreadedTaskDispatcher with 16 workers.
[PhysX] Initialized MultithreadedTaskDispatcher with 16 workers.
[PhysX] Initialized MultithreadedTaskDispatcher with 16 workers.
[PhysX] Initialized MultithreadedTaskDispatcher with 16 workers.
[PhysX] Initialized MultithreadedTaskDispatcher with 16 workers.
[PhysX] Initialized MultithreadedTaskDispatcher with 16 workers.
[PhysX] Initialized MultithreadedTaskDispatcher with 16 workers.
[PhysX] Initialized MultithreadedTaskDispatcher with 16 workers.
[PhysX] Initialized MultithreadedTaskDispatcher with 16 workers.
[PhysX] Initialized MultithreadedTaskDispatcher with 16 workers.
[PhysX] Initialized MultithreadedTaskDispatcher with 16 workers.
[PhysX] Initialized MultithreadedTaskDispatcher with 16 workers.
[PhysX] Initialized MultithreadedTaskDispatcher with 16 workers.
[PhysX] Initialized MultithreadedTaskDispatcher with 16 workers.
[PhysX] Initialized MultithreadedTaskDispatcher with 16 workers.
[PhysX] Initialized MultithreadedTaskDispatcher with 16 workers.
[PhysX] Initialized MultithreadedTaskDispatcher with 16 workers.
[PhysX] Initialized MultithreadedTaskDispatcher with 16 workers.
[PhysX] Initialized MultithreadedTaskDispatcher with 16 workers.
[PhysX] Initialized MultithreadedTaskDispatcher with 16 workers.
[PhysX] Initialized MultithreadedTaskDispatcher with 16 workers.
[PhysX] Initialized MultithreadedTaskDispatcher with 16 workers.
[PhysX] Initialized MultithreadedTaskDispatcher with 16 workers.
[PhysX] Initialized MultithreadedTaskDispatcher with 16 workers.
[PhysX] Initialized MultithreadedTaskDispatcher with 16 workers.
[PhysX] Initialized MultithreadedTaskDispatcher with 16 workers.
[PhysX] Initialized MultithreadedTaskDispatcher with 16 workers.
[PhysX] Initialized MultithreadedTaskDispatcher with 16 workers.
[PhysX] Initialized MultithreadedTaskDispatcher with 16 workers.
[PhysX] Initialized MultithreadedTaskDispatcher with 16 workers.
[PhysX] Initialized MultithreadedTaskDispatcher with 16 workers.
[PhysX] Initialized MultithreadedTaskDispatcher with 16 workers.
[PhysX] Initialized MultithreadedTaskDispatcher with 16 workers.
[PhysX] Initialized MultithreadedTaskDispatcher with 16 workers.
[PhysX] Initialized MultithreadedTaskDispatcher with 16 workers.
[PhysX] Initialized MultithreadedTaskDispatcher with 16 workers.
[PhysX] Initialized MultithreadedTaskDispatcher with 16 workers.
[PhysX] Initialized MultithreadedTaskDispatcher with 16 workers.
[PhysX] Initialized MultithreadedTaskDispatcher with 16 workers.
[PhysX] Initialized MultithreadedTaskDispatcher with 16 workers.
[PhysX] Initialized MultithreadedTaskDispatcher with 16 workers.
[PhysX] Initialized MultithreadedTaskDispatcher with 16 workers.
[PhysX] Initialized MultithreadedTaskDispatcher with 16 workers.
[PhysX] Initialized MultithreadedTaskDispatcher with 16 workers.
[PhysX] Initialized MultithreadedTaskDispatcher with 16 workers.
[PhysX] Initialized MultithreadedTaskDispatcher with 16 workers.
[PhysX] Initialized MultithreadedTaskDispatcher with 16 workers.
[PhysX] Initialized MultithreadedTaskDispatcher with 16 workers.
[PhysX] Initialized MultithreadedTaskDispatcher with 16 workers.
[PhysX] Initialized MultithreadedTaskDispatcher with 16 workers.
[PhysX] Initialized MultithreadedTaskDispatcher with 16 workers.
[PhysX] Initialized MultithreadedTaskDispatcher with 16 workers.
[PhysX] Initialized MultithreadedTaskDispatcher with 16 workers.
[PhysX] Initialized MultithreadedTaskDispatcher with 16 workers.
[PhysX] Initialized MultithreadedTaskDispatcher with 16 workers.
[PhysX] Initialized MultithreadedTaskDispatcher with 16 workers.
[PhysX] Initialized MultithreadedTaskDispatcher with 16 workers.
[PhysX] Initialized MultithreadedTaskDispatcher with 16 workers.
[PhysX] Initialized MultithreadedTaskDispatcher with 16 workers.
[PhysX] Initialized MultithreadedTaskDispatcher with 16 workers.
[PhysX] Initialized MultithreadedTaskDispatcher with 16 workers.
[PhysX] Initialized MultithreadedTaskDispatcher with 16 workers.
[PhysX] Initialized MultithreadedTaskDispatcher with 16 workers.
[PhysX] Initialized MultithreadedTaskDispatcher with 16 workers.
[PhysX] Initialized MultithreadedTaskDispatcher with 16 workers.
[PhysX] Initialized MultithreadedTaskDispatcher with 16 workers.
[PhysX] Initialized MultithreadedTaskDispatcher with 16 workers.
[PhysX] Initialized MultithreadedTaskDispatcher with 16 workers.
[PhysX] Initialized MultithreadedTaskDispatcher with 16 workers.
[PhysX] Initialized MultithreadedTaskDispatcher with 16 workers.
[PhysX] Initialized MultithreadedTaskDispatcher with 16 workers.
 -> (artifact id: '098ca050256f8c8edcd3f20b632ede4b') in 0.371394 seconds
Number of updated asset objects reloaded before import = 0
Number of asset objects unloaded after import = 530
========================================================================
Received Import Request.
  Time since last request: 0.000037 seconds.
  path: Assets/Polygonal Particles/Assets/Materials/RadiationCloud.mat
  artifactKey: Guid(748e46aca2a91fe4cac30f7205f59f42) Importer(815301076,1909f56bfc062723c751e8b465ee728b)
Start importing Assets/Polygonal Particles/Assets/Materials/RadiationCloud.mat using Guid(748e46aca2a91fe4cac30f7205f59f42) Importer(815301076,1909f56bfc062723c751e8b465ee728b) [PhysX] Initialized MultithreadedTaskDispatcher with 16 workers.
[PhysX] Initialized MultithreadedTaskDispatcher with 16 workers.
 -> (artifact id: '71b3c8a0ae4037bcafc97809ce2af5b9') in 0.008766 seconds
Number of updated asset objects reloaded before import = 0
Number of asset objects unloaded after import = 2
========================================================================
Received Import Request.
  Time since last request: 0.000029 seconds.
  path: Assets/Polygonal Particles/Assets/Materials/RadiationCloudMobile.mat
  artifactKey: Guid(d31e35dd30cbfc44194100b91b93b00c) Importer(815301076,1909f56bfc062723c751e8b465ee728b)
Start importing Assets/Polygonal Particles/Assets/Materials/RadiationCloudMobile.mat using Guid(d31e35dd30cbfc44194100b91b93b00c) Importer(815301076,1909f56bfc062723c751e8b465ee728b) [PhysX] Initialized MultithreadedTaskDispatcher with 16 workers.
[PhysX] Initialized MultithreadedTaskDispatcher with 16 workers.
 -> (artifact id: '7de5f6eb1c5cbf335ad7e33e124494f3') in 0.009409 seconds
Number of updated asset objects reloaded before import = 0
Number of asset objects unloaded after import = 2
========================================================================
Received Import Request.
  Time since last request: 0.000017 seconds.
  path: Assets/Polygonal Particles/Assets/Materials/Rain.mat
  artifactKey: Guid(d499979308abe504ba7f3751334d0c44) Importer(815301076,1909f56bfc062723c751e8b465ee728b)
Start importing Assets/Polygonal Particles/Assets/Materials/Rain.mat using Guid(d499979308abe504ba7f3751334d0c44) Importer(815301076,1909f56bfc062723c751e8b465ee728b) [PhysX] Initialized MultithreadedTaskDispatcher with 16 workers.
[PhysX] Initialized MultithreadedTaskDispatcher with 16 workers.
 -> (artifact id: 'e0268b5d66bd30e8f709f657fd0e3a3d') in 0.009620 seconds
Number of updated asset objects reloaded before import = 0
Number of asset objects unloaded after import = 2
========================================================================
Received Import Request.
  Time since last request: 0.000027 seconds.
  path: Assets/Thirdparty/Ciathyza/Gridbox Prototype Materials/Materials/HDRP/Prototype_512x512_Yellow.mat
  artifactKey: Guid(dd66d467961812f4383351e477499b93) Importer(815301076,1909f56bfc062723c751e8b465ee728b)
Start importing Assets/Thirdparty/Ciathyza/Gridbox Prototype Materials/Materials/HDRP/Prototype_512x512_Yellow.mat using Guid(dd66d467961812f4383351e477499b93) Importer(815301076,1909f56bfc062723c751e8b465ee728b) [PhysX] Initialized MultithreadedTaskDispatcher with 16 workers.
[PhysX] Initialized MultithreadedTaskDispatcher with 16 workers.
 -> (artifact id: 'be64568679abb4be200657697d3faf27') in 0.010379 seconds
Number of updated asset objects reloaded before import = 0
Number of asset objects unloaded after import = 4
========================================================================
Received Import Request.
  Time since last request: 0.000039 seconds.
  path: Assets/Thirdparty/Ciathyza/Gridbox Prototype Materials/Materials/URP/Prototype_512x512_Yellow.mat
  artifactKey: Guid(d76d5dba59c8a824a8170635648a356c) Importer(815301076,1909f56bfc062723c751e8b465ee728b)
Start importing Assets/Thirdparty/Ciathyza/Gridbox Prototype Materials/Materials/URP/Prototype_512x512_Yellow.mat using Guid(d76d5dba59c8a824a8170635648a356c) Importer(815301076,1909f56bfc062723c751e8b465ee728b) [PhysX] Initialized MultithreadedTaskDispatcher with 16 workers.
[PhysX] Initialized MultithreadedTaskDispatcher with 16 workers.
 -> (artifact id: 'd3766bdcaa302fd2a9f093a154abbcd8') in 0.768992 seconds
Number of updated asset objects reloaded before import = 0
Number of asset objects unloaded after import = 4
========================================================================
Received Import Request.
  Time since last request: 0.000023 seconds.
  path: Assets/Thirdparty/Ciathyza/Gridbox Prototype Materials/Materials/URP/Prototype_512x512_Red.mat
  artifactKey: Guid(a4b62a69d54e80347bd546999c6d4b9e) Importer(815301076,1909f56bfc062723c751e8b465ee728b)
Start importing Assets/Thirdparty/Ciathyza/Gridbox Prototype Materials/Materials/URP/Prototype_512x512_Red.mat using Guid(a4b62a69d54e80347bd546999c6d4b9e) Importer(815301076,1909f56bfc062723c751e8b465ee728b) [PhysX] Initialized MultithreadedTaskDispatcher with 16 workers.
[PhysX] Initialized MultithreadedTaskDispatcher with 16 workers.
 -> (artifact id: '6391b158f934c160b3d6ff230043b398') in 0.020968 seconds
Number of updated asset objects reloaded before import = 0
Number of asset objects unloaded after import = 4
========================================================================
Received Import Request.
  Time since last request: 0.000027 seconds.
  path: Assets/Thirdparty/Ciathyza/Gridbox Prototype Materials/Materials/URP/Prototype_512x512_White.mat
  artifactKey: Guid(2ab8149ec4775284bada96c1b85b4a09) Importer(815301076,1909f56bfc062723c751e8b465ee728b)
Start importing Assets/Thirdparty/Ciathyza/Gridbox Prototype Materials/Materials/URP/Prototype_512x512_White.mat using Guid(2ab8149ec4775284bada96c1b85b4a09) Importer(815301076,1909f56bfc062723c751e8b465ee728b) [PhysX] Initialized MultithreadedTaskDispatcher with 16 workers.
[PhysX] Initialized MultithreadedTaskDispatcher with 16 workers.
 -> (artifact id: '71b0863ce96a6dcb8d0aa2dff78e8d03') in 0.019184 seconds
Number of updated asset objects reloaded before import = 0
Number of asset objects unloaded after import = 4
========================================================================
Received Import Request.
  Time since last request: 0.000022 seconds.
  path: Assets/Thirdparty/Ciathyza/Gridbox Prototype Materials/Materials/Standard/Prototype_512x512_White.mat
  artifactKey: Guid(aeee7071bea0a4c478b4fea5933c5f79) Importer(815301076,1909f56bfc062723c751e8b465ee728b)
Start importing Assets/Thirdparty/Ciathyza/Gridbox Prototype Materials/Materials/Standard/Prototype_512x512_White.mat using Guid(aeee7071bea0a4c478b4fea5933c5f79) Importer(815301076,1909f56bfc062723c751e8b465ee728b) [PhysX] Initialized MultithreadedTaskDispatcher with 16 workers.
[PhysX] Initialized MultithreadedTaskDispatcher with 16 workers.
 -> (artifact id: 'f951ccedb87a75aaec9b8610f3ffc966') in 0.019087 seconds
Number of updated asset objects reloaded before import = 0
Number of asset objects unloaded after import = 4
========================================================================
Received Import Request.
  Time since last request: 0.000024 seconds.
  path: Assets/Thirdparty/Ciathyza/Gridbox Prototype Materials/Materials/HDRP/Prototype_512x512_Red.mat
  artifactKey: Guid(c61a55dba6ed64c4f8e865f32677062f) Importer(815301076,1909f56bfc062723c751e8b465ee728b)
Start importing Assets/Thirdparty/Ciathyza/Gridbox Prototype Materials/Materials/HDRP/Prototype_512x512_Red.mat using Guid(c61a55dba6ed64c4f8e865f32677062f) Importer(815301076,1909f56bfc062723c751e8b465ee728b) [PhysX] Initialized MultithreadedTaskDispatcher with 16 workers.
[PhysX] Initialized MultithreadedTaskDispatcher with 16 workers.
 -> (artifact id: 'a6275ed240b90e3dbc936ad127f01a99') in 0.008428 seconds
Number of updated asset objects reloaded before import = 0
Number of asset objects unloaded after import = 4
========================================================================
Received Import Request.
  Time since last request: 0.000020 seconds.
  path: Assets/Thirdparty/Ciathyza/Gridbox Prototype Materials/Materials/Standard/Prototype_512x512_Yellow.mat
  artifactKey: Guid(c852af001dae0064e9acaa832f1dadb7) Importer(815301076,1909f56bfc062723c751e8b465ee728b)
Start importing Assets/Thirdparty/Ciathyza/Gridbox Prototype Materials/Materials/Standard/Prototype_512x512_Yellow.mat using Guid(c852af001dae0064e9acaa832f1dadb7) Importer(815301076,1909f56bfc062723c751e8b465ee728b) [PhysX] Initialized MultithreadedTaskDispatcher with 16 workers.
[PhysX] Initialized MultithreadedTaskDispatcher with 16 workers.
 -> (artifact id: '102b04a4a15af20ce95257b147b9a777') in 0.018366 seconds
Number of updated asset objects reloaded before import = 0
Number of asset objects unloaded after import = 4
========================================================================
Received Import Request.
  Time since last request: 0.977480 seconds.
  path: Assets/Thirdparty/Ciathyza/Gridbox Prototype Materials/Materials/URP/Prototype_512x512_Purple.mat
  artifactKey: Guid(68d9464d0cd4fbf48a81abf378167c7f) Importer(815301076,1909f56bfc062723c751e8b465ee728b)
Start importing Assets/Thirdparty/Ciathyza/Gridbox Prototype Materials/Materials/URP/Prototype_512x512_Purple.mat using Guid(68d9464d0cd4fbf48a81abf378167c7f) Importer(815301076,1909f56bfc062723c751e8b465ee728b) [PhysX] Initialized MultithreadedTaskDispatcher with 16 workers.
[PhysX] Initialized MultithreadedTaskDispatcher with 16 workers.
 -> (artifact id: 'b7d6fa140e30ad01bc97d4c4e2c87f12') in 0.019271 seconds
Number of updated asset objects reloaded before import = 0
Number of asset objects unloaded after import = 4
========================================================================
Received Import Request.
  Time since last request: 0.000042 seconds.
  path: Assets/Thirdparty/Ciathyza/Gridbox Prototype Materials/Materials/HDRP/Prototype_512x512_Purple.mat
  artifactKey: Guid(08ad40672f8bdd84c8231727ae06ba48) Importer(815301076,1909f56bfc062723c751e8b465ee728b)
Start importing Assets/Thirdparty/Ciathyza/Gridbox Prototype Materials/Materials/HDRP/Prototype_512x512_Purple.mat using Guid(08ad40672f8bdd84c8231727ae06ba48) Importer(815301076,1909f56bfc062723c751e8b465ee728b) [PhysX] Initialized MultithreadedTaskDispatcher with 16 workers.
[PhysX] Initialized MultithreadedTaskDispatcher with 16 workers.
 -> (artifact id: '651110f99e268d5e1476a2e12085a8b1') in 0.011248 seconds
Number of updated asset objects reloaded before import = 0
Number of asset objects unloaded after import = 4
========================================================================
Received Import Request.
  Time since last request: 0.017075 seconds.
  path: Assets/Thirdparty/Ciathyza/Gridbox Prototype Materials/Materials/HDRP/Prototype_512x512_Pink.mat
  artifactKey: Guid(9cbe122d0bf53f14ba269e044bc3f03b) Importer(815301076,1909f56bfc062723c751e8b465ee728b)
Start importing Assets/Thirdparty/Ciathyza/Gridbox Prototype Materials/Materials/HDRP/Prototype_512x512_Pink.mat using Guid(9cbe122d0bf53f14ba269e044bc3f03b) Importer(815301076,1909f56bfc062723c751e8b465ee728b) [PhysX] Initialized MultithreadedTaskDispatcher with 16 workers.
[PhysX] Initialized MultithreadedTaskDispatcher with 16 workers.
 -> (artifact id: '7df0779612d3a747750ce5fe7959bb05') in 0.010365 seconds
Number of updated asset objects reloaded before import = 0
Number of asset objects unloaded after import = 5
========================================================================
Received Import Request.
  Time since last request: 0.000028 seconds.
  path: Assets/Thirdparty/Ciathyza/Gridbox Prototype Materials/Materials/Standard/Prototype_512x512_Pink.mat
  artifactKey: Guid(4944e2c33c99f9f46a4796e2e746213e) Importer(815301076,1909f56bfc062723c751e8b465ee728b)
Start importing Assets/Thirdparty/Ciathyza/Gridbox Prototype Materials/Materials/Standard/Prototype_512x512_Pink.mat using Guid(4944e2c33c99f9f46a4796e2e746213e) Importer(815301076,1909f56bfc062723c751e8b465ee728b) [PhysX] Initialized MultithreadedTaskDispatcher with 16 workers.
[PhysX] Initialized MultithreadedTaskDispatcher with 16 workers.
 -> (artifact id: '1c9caa7d8a826895fda64c4d93b293b4') in 0.019175 seconds
Number of updated asset objects reloaded before import = 0
Number of asset objects unloaded after import = 4
========================================================================
Received Import Request.
  Time since last request: 0.051532 seconds.
  path: Assets/Thirdparty/Ciathyza/Gridbox Prototype Materials/Materials/URP/Prototype_512x512_Orange.mat
  artifactKey: Guid(d1a5903867c8f0a4a8a94c3fe36dad11) Importer(815301076,1909f56bfc062723c751e8b465ee728b)
Start importing Assets/Thirdparty/Ciathyza/Gridbox Prototype Materials/Materials/URP/Prototype_512x512_Orange.mat using Guid(d1a5903867c8f0a4a8a94c3fe36dad11) Importer(815301076,1909f56bfc062723c751e8b465ee728b) [PhysX] Initialized MultithreadedTaskDispatcher with 16 workers.
[PhysX] Initialized MultithreadedTaskDispatcher with 16 workers.
 -> (artifact id: '322485c0e4e395047198528f22f02721') in 0.019553 seconds
Number of updated asset objects reloaded before import = 0
Number of asset objects unloaded after import = 4
========================================================================
Received Import Request.
  Time since last request: 0.268537 seconds.
  path: Assets/Thirdparty/Ciathyza/Gridbox Prototype Materials/Materials/HDRP/Prototype_512x512_Olive.mat
  artifactKey: Guid(a3b40d06620734d4fa8f4423d0f09692) Importer(815301076,1909f56bfc062723c751e8b465ee728b)
Start importing Assets/Thirdparty/Ciathyza/Gridbox Prototype Materials/Materials/HDRP/Prototype_512x512_Olive.mat using Guid(a3b40d06620734d4fa8f4423d0f09692) Importer(815301076,1909f56bfc062723c751e8b465ee728b) [PhysX] Initialized MultithreadedTaskDispatcher with 16 workers.
[PhysX] Initialized MultithreadedTaskDispatcher with 16 workers.
 -> (artifact id: '6a02203a78d5f45bdd59f85b4f5cd102') in 0.009668 seconds
Number of updated asset objects reloaded before import = 0
Number of asset objects unloaded after import = 5
========================================================================
Received Import Request.
  Time since last request: 0.000023 seconds.
  path: Assets/Thirdparty/Ciathyza/Gridbox Prototype Materials/Materials/Standard/Prototype_512x512_Olive.mat
  artifactKey: Guid(f794c8451763f354c84ed1f9b0ea15a5) Importer(815301076,1909f56bfc062723c751e8b465ee728b)
Start importing Assets/Thirdparty/Ciathyza/Gridbox Prototype Materials/Materials/Standard/Prototype_512x512_Olive.mat using Guid(f794c8451763f354c84ed1f9b0ea15a5) Importer(815301076,1909f56bfc062723c751e8b465ee728b) [PhysX] Initialized MultithreadedTaskDispatcher with 16 workers.
[PhysX] Initialized MultithreadedTaskDispatcher with 16 workers.
 -> (artifact id: '7d319636303c3b3d23a473ea92e122c0') in 0.017332 seconds
Number of updated asset objects reloaded before import = 0
Number of asset objects unloaded after import = 4
========================================================================
Received Import Request.
  Time since last request: 0.025409 seconds.
  path: Assets/Thirdparty/Ciathyza/Gridbox Prototype Materials/Materials/URP/Prototype_512x512_Magenta.mat
  artifactKey: Guid(9618c6b42230db7408b3b734da21470a) Importer(815301076,1909f56bfc062723c751e8b465ee728b)
Start importing Assets/Thirdparty/Ciathyza/Gridbox Prototype Materials/Materials/URP/Prototype_512x512_Magenta.mat using Guid(9618c6b42230db7408b3b734da21470a) Importer(815301076,1909f56bfc062723c751e8b465ee728b) [PhysX] Initialized MultithreadedTaskDispatcher with 16 workers.
[PhysX] Initialized MultithreadedTaskDispatcher with 16 workers.
 -> (artifact id: 'e8c76f4876bcb7df5c021add4e6e445b') in 0.019790 seconds
Number of updated asset objects reloaded before import = 0
Number of asset objects unloaded after import = 5
========================================================================
Received Import Request.
  Time since last request: 0.062575 seconds.
  path: Assets/Thirdparty/Ciathyza/Gridbox Prototype Materials/Materials/URP/Prototype_512x512_Grey4.mat
  artifactKey: Guid(4084a843b9ef6af45a63b7163f9fbefb) Importer(815301076,1909f56bfc062723c751e8b465ee728b)
Start importing Assets/Thirdparty/Ciathyza/Gridbox Prototype Materials/Materials/URP/Prototype_512x512_Grey4.mat using Guid(4084a843b9ef6af45a63b7163f9fbefb) Importer(815301076,1909f56bfc062723c751e8b465ee728b) [PhysX] Initialized MultithreadedTaskDispatcher with 16 workers.
[PhysX] Initialized MultithreadedTaskDispatcher with 16 workers.
 -> (artifact id: '3d6ca2f59bc30c6a841164cac08ba43b') in 0.017460 seconds
Number of updated asset objects reloaded before import = 0
Number of asset objects unloaded after import = 4
========================================================================
Received Import Request.
  Time since last request: 0.033472 seconds.
  path: Assets/Thirdparty/Ciathyza/Gridbox Prototype Materials/Materials/HDRP/Prototype_512x512_Grey3.mat
  artifactKey: Guid(a66e312fee7fb6e469dec2f4daba4dcd) Importer(815301076,1909f56bfc062723c751e8b465ee728b)
Start importing Assets/Thirdparty/Ciathyza/Gridbox Prototype Materials/Materials/HDRP/Prototype_512x512_Grey3.mat using Guid(a66e312fee7fb6e469dec2f4daba4dcd) Importer(815301076,1909f56bfc062723c751e8b465ee728b) [PhysX] Initialized MultithreadedTaskDispatcher with 16 workers.
[PhysX] Initialized MultithreadedTaskDispatcher with 16 workers.
 -> (artifact id: '6412c50ab7e08de11a5b1fe040001f24') in 0.008016 seconds
Number of updated asset objects reloaded before import = 0
Number of asset objects unloaded after import = 4
========================================================================
Received Import Request.
  Time since last request: 0.000017 seconds.
  path: Assets/Thirdparty/Ciathyza/Gridbox Prototype Materials/Materials/Standard/Prototype_512x512_Grey3.mat
  artifactKey: Guid(17c44fb3e5be9644586a0728a5f5a386) Importer(815301076,1909f56bfc062723c751e8b465ee728b)
Start importing Assets/Thirdparty/Ciathyza/Gridbox Prototype Materials/Materials/Standard/Prototype_512x512_Grey3.mat using Guid(17c44fb3e5be9644586a0728a5f5a386) Importer(815301076,1909f56bfc062723c751e8b465ee728b) [PhysX] Initialized MultithreadedTaskDispatcher with 16 workers.
[PhysX] Initialized MultithreadedTaskDispatcher with 16 workers.
 -> (artifact id: 'c1827a1dae2ab0ddfb1c0ea82f441128') in 0.018697 seconds
Number of updated asset objects reloaded before import = 0
Number of asset objects unloaded after import = 4
========================================================================
Received Import Request.
  Time since last request: 0.065060 seconds.
  path: Assets/Thirdparty/Ciathyza/Gridbox Prototype Materials/Materials/Standard/Prototype_512x512_Grey2.mat
  artifactKey: Guid(07dc66ae04b7f6a43b9674bf0fefb33a) Importer(815301076,1909f56bfc062723c751e8b465ee728b)
Start importing Assets/Thirdparty/Ciathyza/Gridbox Prototype Materials/Materials/Standard/Prototype_512x512_Grey2.mat using Guid(07dc66ae04b7f6a43b9674bf0fefb33a) Importer(815301076,1909f56bfc062723c751e8b465ee728b) [PhysX] Initialized MultithreadedTaskDispatcher with 16 workers.
[PhysX] Initialized MultithreadedTaskDispatcher with 16 workers.
 -> (artifact id: '73258d7e21d42d49461e596576a1d238') in 0.016830 seconds
Number of updated asset objects reloaded before import = 0
Number of asset objects unloaded after import = 4
========================================================================
Received Import Request.
  Time since last request: 0.045960 seconds.
  path: Assets/Thirdparty/Ciathyza/Gridbox Prototype Materials/Materials/Standard/Prototype_512x512_Grey1.mat
  artifactKey: Guid(c181c23a6120fbe4aadd5bb53a58dd78) Importer(815301076,1909f56bfc062723c751e8b465ee728b)
Start importing Assets/Thirdparty/Ciathyza/Gridbox Prototype Materials/Materials/Standard/Prototype_512x512_Grey1.mat using Guid(c181c23a6120fbe4aadd5bb53a58dd78) Importer(815301076,1909f56bfc062723c751e8b465ee728b) [PhysX] Initialized MultithreadedTaskDispatcher with 16 workers.
[PhysX] Initialized MultithreadedTaskDispatcher with 16 workers.
 -> (artifact id: '5fad273ec6e460571f0fd731240cac6a') in 0.017954 seconds
Number of updated asset objects reloaded before import = 0
Number of asset objects unloaded after import = 4
========================================================================
Received Import Request.
  Time since last request: 0.091020 seconds.
  path: Assets/Thirdparty/Ciathyza/Gridbox Prototype Materials/Materials/HDRP/Prototype_512x512_Green3.mat
  artifactKey: Guid(8474bf551220f0e4993899dfdc95aed3) Importer(815301076,1909f56bfc062723c751e8b465ee728b)
Start importing Assets/Thirdparty/Ciathyza/Gridbox Prototype Materials/Materials/HDRP/Prototype_512x512_Green3.mat using Guid(8474bf551220f0e4993899dfdc95aed3) Importer(815301076,1909f56bfc062723c751e8b465ee728b) [PhysX] Initialized MultithreadedTaskDispatcher with 16 workers.
[PhysX] Initialized MultithreadedTaskDispatcher with 16 workers.
 -> (artifact id: '62bf956fb74dae669f4fee5b2d547a37') in 0.009464 seconds
Number of updated asset objects reloaded before import = 0
Number of asset objects unloaded after import = 5
========================================================================
Received Import Request.
  Time since last request: 0.000017 seconds.
  path: Assets/Thirdparty/Ciathyza/Gridbox Prototype Materials/Materials/URP/Prototype_512x512_Green3.mat
  artifactKey: Guid(bce32739db90b6843ac7f0179bcaa6b7) Importer(815301076,1909f56bfc062723c751e8b465ee728b)
Start importing Assets/Thirdparty/Ciathyza/Gridbox Prototype Materials/Materials/URP/Prototype_512x512_Green3.mat using Guid(bce32739db90b6843ac7f0179bcaa6b7) Importer(815301076,1909f56bfc062723c751e8b465ee728b) [PhysX] Initialized MultithreadedTaskDispatcher with 16 workers.
[PhysX] Initialized MultithreadedTaskDispatcher with 16 workers.
 -> (artifact id: '8d28315c02bb2c280d0efdc1da595420') in 0.017318 seconds
Number of updated asset objects reloaded before import = 0
Number of asset objects unloaded after import = 5
========================================================================
Received Import Request.
  Time since last request: 0.025522 seconds.
  path: Assets/Thirdparty/Ciathyza/Gridbox Prototype Materials/Materials/Standard/Prototype_512x512_Green2.mat
  artifactKey: Guid(dbe80190c9adea34c8c8845ca4a17934) Importer(815301076,1909f56bfc062723c751e8b465ee728b)
Start importing Assets/Thirdparty/Ciathyza/Gridbox Prototype Materials/Materials/Standard/Prototype_512x512_Green2.mat using Guid(dbe80190c9adea34c8c8845ca4a17934) Importer(815301076,1909f56bfc062723c751e8b465ee728b) [PhysX] Initialized MultithreadedTaskDispatcher with 16 workers.
[PhysX] Initialized MultithreadedTaskDispatcher with 16 workers.
 -> (artifact id: 'bc061077e36a7647350a1d9a3d9df191') in 0.020984 seconds
Number of updated asset objects reloaded before import = 0
Number of asset objects unloaded after import = 4
========================================================================
Received Import Request.
  Time since last request: 0.054764 seconds.
  path: Assets/Thirdparty/Ciathyza/Gridbox Prototype Materials/Materials/URP/Prototype_512x512_Green1.mat
  artifactKey: Guid(74117f645ca87544896e430b75e9a316) Importer(815301076,1909f56bfc062723c751e8b465ee728b)
Start importing Assets/Thirdparty/Ciathyza/Gridbox Prototype Materials/Materials/URP/Prototype_512x512_Green1.mat using Guid(74117f645ca87544896e430b75e9a316) Importer(815301076,1909f56bfc062723c751e8b465ee728b) [PhysX] Initialized MultithreadedTaskDispatcher with 16 workers.
[PhysX] Initialized MultithreadedTaskDispatcher with 16 workers.
 -> (artifact id: 'd118b3d674208e810b7fab061159de9b') in 0.018471 seconds
Number of updated asset objects reloaded before import = 0
Number of asset objects unloaded after import = 4
========================================================================
Received Import Request.
  Time since last request: 0.050637 seconds.
  path: Assets/Thirdparty/Ciathyza/Gridbox Prototype Materials/Materials/URP/Prototype_512x512_Cyan.mat
  artifactKey: Guid(3d9914e92c1db3f4caed885c92e0b7e9) Importer(815301076,1909f56bfc062723c751e8b465ee728b)
Start importing Assets/Thirdparty/Ciathyza/Gridbox Prototype Materials/Materials/URP/Prototype_512x512_Cyan.mat using Guid(3d9914e92c1db3f4caed885c92e0b7e9) Importer(815301076,1909f56bfc062723c751e8b465ee728b) [PhysX] Initialized MultithreadedTaskDispatcher with 16 workers.
[PhysX] Initialized MultithreadedTaskDispatcher with 16 workers.
 -> (artifact id: '27cf515b2c03dd2634240a014b6372d6') in 0.018725 seconds
Number of updated asset objects reloaded before import = 0
Number of asset objects unloaded after import = 4
========================================================================
Received Import Request.
  Time since last request: 0.049604 seconds.
  path: Assets/Thirdparty/Ciathyza/Gridbox Prototype Materials/Materials/Standard/Prototype_512x512_Brown.mat
  artifactKey: Guid(a54b7ad866d3a9b47bbf3b53baa0acc4) Importer(815301076,1909f56bfc062723c751e8b465ee728b)
Start importing Assets/Thirdparty/Ciathyza/Gridbox Prototype Materials/Materials/Standard/Prototype_512x512_Brown.mat using Guid(a54b7ad866d3a9b47bbf3b53baa0acc4) Importer(815301076,1909f56bfc062723c751e8b465ee728b) [PhysX] Initialized MultithreadedTaskDispatcher with 16 workers.
[PhysX] Initialized MultithreadedTaskDispatcher with 16 workers.
 -> (artifact id: 'c6007a36262f94ee16267dedb4755d21') in 0.017945 seconds
Number of updated asset objects reloaded before import = 0
Number of asset objects unloaded after import = 4
========================================================================
Received Import Request.
  Time since last request: 0.021554 seconds.
  path: Assets/Thirdparty/Ciathyza/Gridbox Prototype Materials/Materials/HDRP/Prototype_512x512_Blue3.mat
  artifactKey: Guid(c90bcdf992e150d41b0ee0f7aabccad6) Importer(815301076,1909f56bfc062723c751e8b465ee728b)
Start importing Assets/Thirdparty/Ciathyza/Gridbox Prototype Materials/Materials/HDRP/Prototype_512x512_Blue3.mat using Guid(c90bcdf992e150d41b0ee0f7aabccad6) Importer(815301076,1909f56bfc062723c751e8b465ee728b) [PhysX] Initialized MultithreadedTaskDispatcher with 16 workers.
[PhysX] Initialized MultithreadedTaskDispatcher with 16 workers.
 -> (artifact id: '902920c30657fc59635b29639e764bd8') in 0.009304 seconds
Number of updated asset objects reloaded before import = 0
Number of asset objects unloaded after import = 4
========================================================================
Received Import Request.
  Time since last request: 0.000020 seconds.
  path: Assets/Thirdparty/Ciathyza/Gridbox Prototype Materials/Materials/Standard/Prototype_512x512_Blue3.mat
  artifactKey: Guid(b0b4de3bd6e976e4f8b3adc6e72377ed) Importer(815301076,1909f56bfc062723c751e8b465ee728b)
Start importing Assets/Thirdparty/Ciathyza/Gridbox Prototype Materials/Materials/Standard/Prototype_512x512_Blue3.mat using Guid(b0b4de3bd6e976e4f8b3adc6e72377ed) Importer(815301076,1909f56bfc062723c751e8b465ee728b) [PhysX] Initialized MultithreadedTaskDispatcher with 16 workers.
[PhysX] Initialized MultithreadedTaskDispatcher with 16 workers.
 -> (artifact id: '4c3a8a55a25365eaebb60e207aacb30b') in 0.017891 seconds
Number of updated asset objects reloaded before import = 0
Number of asset objects unloaded after import = 4
========================================================================
Received Import Request.
  Time since last request: 0.003404 seconds.
  path: Assets/Thirdparty/Ciathyza/Gridbox Prototype Materials/Materials/HDRP/Prototype_512x512_Blue2.mat
  artifactKey: Guid(e070baac7ac0c374ba010641b095c1b4) Importer(815301076,1909f56bfc062723c751e8b465ee728b)
Start importing Assets/Thirdparty/Ciathyza/Gridbox Prototype Materials/Materials/HDRP/Prototype_512x512_Blue2.mat using Guid(e070baac7ac0c374ba010641b095c1b4) Importer(815301076,1909f56bfc062723c751e8b465ee728b) [PhysX] Initialized MultithreadedTaskDispatcher with 16 workers.
[PhysX] Initialized MultithreadedTaskDispatcher with 16 workers.
 -> (artifact id: '28ceeb4149091b7b2e55ea9a74aaa17c') in 0.012105 seconds
Number of updated asset objects reloaded before import = 0
Number of asset objects unloaded after import = 4
========================================================================
Received Import Request.
  Time since last request: 0.000034 seconds.
  path: Assets/Thirdparty/Ciathyza/Gridbox Prototype Materials/Materials/Standard/Prototype_512x512_Blue2.mat
  artifactKey: Guid(5e148de6cdf2d164aa3e3f90ce8c852c) Importer(815301076,1909f56bfc062723c751e8b465ee728b)
Start importing Assets/Thirdparty/Ciathyza/Gridbox Prototype Materials/Materials/Standard/Prototype_512x512_Blue2.mat using Guid(5e148de6cdf2d164aa3e3f90ce8c852c) Importer(815301076,1909f56bfc062723c751e8b465ee728b) [PhysX] Initialized MultithreadedTaskDispatcher with 16 workers.
[PhysX] Initialized MultithreadedTaskDispatcher with 16 workers.
 -> (artifact id: 'c2103d165177e6c3ad59bcc36291c9e2') in 0.018353 seconds
Number of updated asset objects reloaded before import = 0
Number of asset objects unloaded after import = 4
========================================================================
Received Import Request.
  Time since last request: 0.115039 seconds.
  path: Assets/Thirdparty/Ciathyza/Gridbox Prototype Materials/Materials/Standard/Prototype_512x512_Blue1.mat
  artifactKey: Guid(663834164c6a04740aaa1b778249ce7e) Importer(815301076,1909f56bfc062723c751e8b465ee728b)
Start importing Assets/Thirdparty/Ciathyza/Gridbox Prototype Materials/Materials/Standard/Prototype_512x512_Blue1.mat using Guid(663834164c6a04740aaa1b778249ce7e) Importer(815301076,1909f56bfc062723c751e8b465ee728b) [PhysX] Initialized MultithreadedTaskDispatcher with 16 workers.
[PhysX] Initialized MultithreadedTaskDispatcher with 16 workers.
 -> (artifact id: '7703fd4815da728e81aae27512fcd926') in 0.024561 seconds
Number of updated asset objects reloaded before import = 0
Number of asset objects unloaded after import = 4
========================================================================
Received Import Request.
  Time since last request: 0.073391 seconds.
  path: Assets/Polygonal Particles/Assets/Meshes/Building_TowerConcrete.fbx
  artifactKey: Guid(af043257944da7f4cba7a0cbaf741bbc) Importer(815301076,1909f56bfc062723c751e8b465ee728b)
Start importing Assets/Polygonal Particles/Assets/Meshes/Building_TowerConcrete.fbx using Guid(af043257944da7f4cba7a0cbaf741bbc) Importer(815301076,1909f56bfc062723c751e8b465ee728b) [PhysX] Initialized MultithreadedTaskDispatcher with 16 workers.
[PhysX] Initialized MultithreadedTaskDispatcher with 16 workers.
[PhysX] Initialized MultithreadedTaskDispatcher with 16 workers.
[PhysX] Initialized MultithreadedTaskDispatcher with 16 workers.
[PhysX] Initialized MultithreadedTaskDispatcher with 16 workers.
[PhysX] Initialized MultithreadedTaskDispatcher with 16 workers.
[PhysX] Initialized MultithreadedTaskDispatcher with 16 workers.
[PhysX] Initialized MultithreadedTaskDispatcher with 16 workers.
[PhysX] Initialized MultithreadedTaskDispatcher with 16 workers.
[PhysX] Initialized MultithreadedTaskDispatcher with 16 workers.
[PhysX] Initialized MultithreadedTaskDispatcher with 16 workers.
[PhysX] Initialized MultithreadedTaskDispatcher with 16 workers.
[PhysX] Initialized MultithreadedTaskDispatcher with 16 workers.
[PhysX] Initialized MultithreadedTaskDispatcher with 16 workers.
[PhysX] Initialized MultithreadedTaskDispatcher with 16 workers.
[PhysX] Initialized MultithreadedTaskDispatcher with 16 workers.
[PhysX] Initialized MultithreadedTaskDispatcher with 16 workers.
[PhysX] Initialized MultithreadedTaskDispatcher with 16 workers.
[PhysX] Initialized MultithreadedTaskDispatcher with 16 workers.
[PhysX] Initialized MultithreadedTaskDispatcher with 16 workers.
[PhysX] Initialized MultithreadedTaskDispatcher with 16 workers.
[PhysX] Initialized MultithreadedTaskDispatcher with 16 workers.
[PhysX] Initialized MultithreadedTaskDispatcher with 16 workers.
 -> (artifact id: '25620b5a3f3af571a3d72e04376c9fff') in 0.105672 seconds
Number of updated asset objects reloaded before import = 0
Number of asset objects unloaded after import = 59
========================================================================
Received Import Request.
  Time since last request: 0.026217 seconds.
  path: Assets/Art Assets/ThermoFlux-Art-Assets/Player_Model/player_texture.mat
  artifactKey: Guid(b6d7d4a977af9794f95ccce738d3801b) Importer(815301076,1909f56bfc062723c751e8b465ee728b)
Start importing Assets/Art Assets/ThermoFlux-Art-Assets/Player_Model/player_texture.mat using Guid(b6d7d4a977af9794f95ccce738d3801b) Importer(815301076,1909f56bfc062723c751e8b465ee728b) [PhysX] Initialized MultithreadedTaskDispatcher with 16 workers.
[PhysX] Initialized MultithreadedTaskDispatcher with 16 workers.
 -> (artifact id: '12fcf06048c7cd988432ede9561c5298') in 0.016276 seconds
Number of updated asset objects reloaded before import = 0
Number of asset objects unloaded after import = 2
========================================================================
Received Import Request.
  Time since last request: 0.042695 seconds.
  path: Assets/Art Assets/Player_Model/Materials/Player_Model_standardSurface1_BaseMap_sRGB.1001.mat
  artifactKey: Guid(1c6044c9ae9fbd14791f8771a323941e) Importer(815301076,1909f56bfc062723c751e8b465ee728b)
Start importing Assets/Art Assets/Player_Model/Materials/Player_Model_standardSurface1_BaseMap_sRGB.1001.mat using Guid(1c6044c9ae9fbd14791f8771a323941e) Importer(815301076,1909f56bfc062723c751e8b465ee728b) [PhysX] Initialized MultithreadedTaskDispatcher with 16 workers.
[PhysX] Initialized MultithreadedTaskDispatcher with 16 workers.
 -> (artifact id: 'cbcd9f595ee3908fb77d2bfd8061f1ad') in 0.744378 seconds
Number of updated asset objects reloaded before import = 0
Number of asset objects unloaded after import = 5
========================================================================
Received Import Request.
  Time since last request: 0.976977 seconds.
  path: Assets/Customizable Skybox/Stylized Sky/Materials/Night1.mat
  artifactKey: Guid(bbe9494f815f3c340956427c884b72a0) Importer(815301076,1909f56bfc062723c751e8b465ee728b)
Start importing Assets/Customizable Skybox/Stylized Sky/Materials/Night1.mat using Guid(bbe9494f815f3c340956427c884b72a0) Importer(815301076,1909f56bfc062723c751e8b465ee728b) [PhysX] Initialized MultithreadedTaskDispatcher with 16 workers.
[PhysX] Initialized MultithreadedTaskDispatcher with 16 workers.
 -> (artifact id: 'cb029914fd6ef0ff8ca59ef2ee7c1bc3') in 0.016374 seconds
Number of updated asset objects reloaded before import = 0
Number of asset objects unloaded after import = 2
========================================================================
Received Import Request.
  Time since last request: 0.016320 seconds.
  path: Assets/Customizable Skybox/Stylized Sky/Materials/Morning3.mat
  artifactKey: Guid(022e71752654d3f4fa0cbe71b312ad20) Importer(815301076,1909f56bfc062723c751e8b465ee728b)
Start importing Assets/Customizable Skybox/Stylized Sky/Materials/Morning3.mat using Guid(022e71752654d3f4fa0cbe71b312ad20) Importer(815301076,1909f56bfc062723c751e8b465ee728b) [PhysX] Initialized MultithreadedTaskDispatcher with 16 workers.
[PhysX] Initialized MultithreadedTaskDispatcher with 16 workers.
 -> (artifact id: '622f0777342a88403bbd3d29e6c20622') in 0.016277 seconds
Number of updated asset objects reloaded before import = 0
Number of asset objects unloaded after import = 2
========================================================================
Received Import Request.
  Time since last request: 0.773509 seconds.
  path: Assets/Art Assets/Ethan-Beta-Assets/Metal Tank/Materials/Metal Tank_Material_2_BaseMap.mat
  artifactKey: Guid(95e4a54ba76e02e4ab9d85a7c0627498) Importer(815301076,1909f56bfc062723c751e8b465ee728b)
Start importing Assets/Art Assets/Ethan-Beta-Assets/Metal Tank/Materials/Metal Tank_Material_2_BaseMap.mat using Guid(95e4a54ba76e02e4ab9d85a7c0627498) Importer(815301076,1909f56bfc062723c751e8b465ee728b) [PhysX] Initialized MultithreadedTaskDispatcher with 16 workers.
[PhysX] Initialized MultithreadedTaskDispatcher with 16 workers.
 -> (artifact id: 'fb39d5a016541ee4de6a8a0fedab75fc') in 0.020932 seconds
Number of updated asset objects reloaded before import = 0
Number of asset objects unloaded after import = 3
========================================================================
Received Import Request.
  Time since last request: 0.026728 seconds.
  path: Assets/Art Assets/Ethan-Beta-Assets/Pipes/Pipes.fbx
  artifactKey: Guid(9287156977f40be4aa7e4476f6b3e560) Importer(815301076,1909f56bfc062723c751e8b465ee728b)
Start importing Assets/Art Assets/Ethan-Beta-Assets/Pipes/Pipes.fbx using Guid(9287156977f40be4aa7e4476f6b3e560) Importer(815301076,1909f56bfc062723c751e8b465ee728b) [PhysX] Initialized MultithreadedTaskDispatcher with 16 workers.
[PhysX] Initialized MultithreadedTaskDispatcher with 16 workers.
[PhysX] Initialized MultithreadedTaskDispatcher with 16 workers.
[PhysX] Initialized MultithreadedTaskDispatcher with 16 workers.
[PhysX] Initialized MultithreadedTaskDispatcher with 16 workers.
[PhysX] Initialized MultithreadedTaskDispatcher with 16 workers.
[PhysX] Initialized MultithreadedTaskDispatcher with 16 workers.
[PhysX] Initialized MultithreadedTaskDispatcher with 16 workers.
[PhysX] Initialized MultithreadedTaskDispatcher with 16 workers.
 -> (artifact id: 'fc289424a4fe270855d213d5cc6c6445') in 0.049385 seconds
Number of updated asset objects reloaded before import = 0
Number of asset objects unloaded after import = 29
========================================================================
Received Import Request.
  Time since last request: 8.214119 seconds.
  path: Assets/Art Assets/ThermoFlux-Art-Assets/Pipes/Pipes.fbx
  artifactKey: Guid(09d955ab2d481cb449351d0a85e346e8) Importer(815301076,1909f56bfc062723c751e8b465ee728b)
Start importing Assets/Art Assets/ThermoFlux-Art-Assets/Pipes/Pipes.fbx using Guid(09d955ab2d481cb449351d0a85e346e8) Importer(815301076,1909f56bfc062723c751e8b465ee728b) [PhysX] Initialized MultithreadedTaskDispatcher with 16 workers.
[PhysX] Initialized MultithreadedTaskDispatcher with 16 workers.
[PhysX] Initialized MultithreadedTaskDispatcher with 16 workers.
[PhysX] Initialized MultithreadedTaskDispatcher with 16 workers.
[PhysX] Initialized MultithreadedTaskDispatcher with 16 workers.
[PhysX] Initialized MultithreadedTaskDispatcher with 16 workers.
[PhysX] Initialized MultithreadedTaskDispatcher with 16 workers.
[PhysX] Initialized MultithreadedTaskDispatcher with 16 workers.
[PhysX] Initialized MultithreadedTaskDispatcher with 16 workers.
 -> (artifact id: '395e52af83a0baba6cb8852e61a85278') in 0.044707 seconds
Number of updated asset objects reloaded before import = 0
Number of asset objects unloaded after import = 29
========================================================================
Received Import Request.
  Time since last request: 0.000017 seconds.
  path: Assets/Art Assets/ThermoFlux-Machine_Art/Assets/YughuesFreeMetalMaterials/Materials/M_YFMM_35.mat
  artifactKey: Guid(9607862bf90553342b6c7a1e3d273805) Importer(815301076,1909f56bfc062723c751e8b465ee728b)
Start importing Assets/Art Assets/ThermoFlux-Machine_Art/Assets/YughuesFreeMetalMaterials/Materials/M_YFMM_35.mat using Guid(9607862bf90553342b6c7a1e3d273805) Importer(815301076,1909f56bfc062723c751e8b465ee728b) [PhysX] Initialized MultithreadedTaskDispatcher with 16 workers.
[PhysX] Initialized MultithreadedTaskDispatcher with 16 workers.
 -> (artifact id: 'a8dd6c30d9f4203c3be666e517cec7e9') in 0.018793 seconds
Number of updated asset objects reloaded before import = 0
Number of asset objects unloaded after import = 5
========================================================================
Received Import Request.
  Time since last request: 0.000024 seconds.
  path: Assets/Art Assets/ThermoFlux-Machine_Art/Assets/YughuesFreeMetalMaterials/Materials/M_YFMM_36.mat
  artifactKey: Guid(9b8a78dbb8e688e468daf2da07cf93b6) Importer(815301076,1909f56bfc062723c751e8b465ee728b)
Start importing Assets/Art Assets/ThermoFlux-Machine_Art/Assets/YughuesFreeMetalMaterials/Materials/M_YFMM_36.mat using Guid(9b8a78dbb8e688e468daf2da07cf93b6) Importer(815301076,1909f56bfc062723c751e8b465ee728b) [PhysX] Initialized MultithreadedTaskDispatcher with 16 workers.
[PhysX] Initialized MultithreadedTaskDispatcher with 16 workers.
 -> (artifact id: '4d4b6ace0da466b0ca7bb62ed0525282') in 0.029374 seconds
Number of updated asset objects reloaded before import = 0
Number of asset objects unloaded after import = 9
========================================================================
Received Import Request.
  Time since last request: 0.000025 seconds.
  path: Assets/Art Assets/ThermoFlux-Machine_Art/Assets/YughuesFreeMetalMaterials/Materials/M_YFMM_39.mat
  artifactKey: Guid(89b53b6902b0ec14baa1599e1c68d643) Importer(815301076,1909f56bfc062723c751e8b465ee728b)
Start importing Assets/Art Assets/ThermoFlux-Machine_Art/Assets/YughuesFreeMetalMaterials/Materials/M_YFMM_39.mat using Guid(89b53b6902b0ec14baa1599e1c68d643) Importer(815301076,1909f56bfc062723c751e8b465ee728b) [PhysX] Initialized MultithreadedTaskDispatcher with 16 workers.
[PhysX] Initialized MultithreadedTaskDispatcher with 16 workers.
 -> (artifact id: '1e5fe5c8d31183ebbfbec455a8814e66') in 0.017840 seconds
Number of updated asset objects reloaded before import = 0
Number of asset objects unloaded after import = 5
========================================================================
Received Import Request.
  Time since last request: 0.000027 seconds.
  path: Assets/Art Assets/ThermoFlux-Machine_Art/Assets/YughuesFreeMetalMaterials/Materials/M_YFMM_44.mat
  artifactKey: Guid(6c196c7188cb7314cb4fc62a41ccad77) Importer(815301076,1909f56bfc062723c751e8b465ee728b)
Start importing Assets/Art Assets/ThermoFlux-Machine_Art/Assets/YughuesFreeMetalMaterials/Materials/M_YFMM_44.mat using Guid(6c196c7188cb7314cb4fc62a41ccad77) Importer(815301076,1909f56bfc062723c751e8b465ee728b) [PhysX] Initialized MultithreadedTaskDispatcher with 16 workers.
[PhysX] Initialized MultithreadedTaskDispatcher with 16 workers.
 -> (artifact id: '2e02b53a81bea94711ccba2b42c3fde1') in 0.018032 seconds
Number of updated asset objects reloaded before import = 0
Number of asset objects unloaded after import = 5
========================================================================
Received Import Request.
  Time since last request: 0.000030 seconds.
  path: Assets/Art Assets/ThermoFlux-Machine_Art/Assets/YughuesFreeMetalMaterials/Materials/M_YFMM_48.mat
  artifactKey: Guid(a7a35a310f4bf234099e346d4c063b79) Importer(815301076,1909f56bfc062723c751e8b465ee728b)
Start importing Assets/Art Assets/ThermoFlux-Machine_Art/Assets/YughuesFreeMetalMaterials/Materials/M_YFMM_48.mat using Guid(a7a35a310f4bf234099e346d4c063b79) Importer(815301076,1909f56bfc062723c751e8b465ee728b) [PhysX] Initialized MultithreadedTaskDispatcher with 16 workers.
[PhysX] Initialized MultithreadedTaskDispatcher with 16 workers.
 -> (artifact id: '8243dedf0d287591087500570fae57fe') in 0.019025 seconds
Number of updated asset objects reloaded before import = 0
Number of asset objects unloaded after import = 9
========================================================================
Received Import Request.
  Time since last request: 0.000019 seconds.
  path: Assets/Polygonal Particles/Assets/Materials/LeafMobile.mat
  artifactKey: Guid(57adad89df312d147b7e47fc46d05d8a) Importer(815301076,1909f56bfc062723c751e8b465ee728b)
Start importing Assets/Polygonal Particles/Assets/Materials/LeafMobile.mat using Guid(57adad89df312d147b7e47fc46d05d8a) Importer(815301076,1909f56bfc062723c751e8b465ee728b) [PhysX] Initialized MultithreadedTaskDispatcher with 16 workers.
[PhysX] Initialized MultithreadedTaskDispatcher with 16 workers.
 -> (artifact id: '3d11409e608e3b21e4775a3ebc81bfff') in 0.007500 seconds
Number of updated asset objects reloaded before import = 0
Number of asset objects unloaded after import = 2
========================================================================
Received Import Request.
  Time since last request: 0.000024 seconds.
  path: Assets/Art Assets/ThermoFlux-Machine_Art/Assets/StarterAssets/ThirdPersonController/Character/Materials/M_Armature_Body.mat
  artifactKey: Guid(43714b68324cc2c409d534d9874f2a2b) Importer(815301076,1909f56bfc062723c751e8b465ee728b)
Start importing Assets/Art Assets/ThermoFlux-Machine_Art/Assets/StarterAssets/ThirdPersonController/Character/Materials/M_Armature_Body.mat using Guid(43714b68324cc2c409d534d9874f2a2b) Importer(815301076,1909f56bfc062723c751e8b465ee728b) [PhysX] Initialized MultithreadedTaskDispatcher with 16 workers.
[PhysX] Initialized MultithreadedTaskDispatcher with 16 workers.
 -> (artifact id: 'e75883422b9e420050c970d13c553c51') in 0.028538 seconds
Number of updated asset objects reloaded before import = 0
Number of asset objects unloaded after import = 5
========================================================================
Received Import Request.
  Time since last request: 0.000024 seconds.
  path: Assets/Art Assets/ThermoFlux-Machine_Art/Assets/StarterAssets/ThirdPersonController/Character/Materials/M_Armature_Legs.mat
  artifactKey: Guid(8b25e99361ac31d4e9ae83c46aee69ea) Importer(815301076,1909f56bfc062723c751e8b465ee728b)
Start importing Assets/Art Assets/ThermoFlux-Machine_Art/Assets/StarterAssets/ThirdPersonController/Character/Materials/M_Armature_Legs.mat using Guid(8b25e99361ac31d4e9ae83c46aee69ea) Importer(815301076,1909f56bfc062723c751e8b465ee728b) [PhysX] Initialized MultithreadedTaskDispatcher with 16 workers.
[PhysX] Initialized MultithreadedTaskDispatcher with 16 workers.
 -> (artifact id: '73e9c7558f3108168dd1c50987c82c0a') in 0.025482 seconds
Number of updated asset objects reloaded before import = 0
Number of asset objects unloaded after import = 5
========================================================================
Received Import Request.
  Time since last request: 0.000031 seconds.
  path: Assets/Art Assets/ThermoFlux-Machine_Art/Assets/YughuesFreeMetalMaterials/Materials/M_YFMM_03.mat
  artifactKey: Guid(d483b4637a2e1b84999ed6e843dd932a) Importer(815301076,1909f56bfc062723c751e8b465ee728b)
Start importing Assets/Art Assets/ThermoFlux-Machine_Art/Assets/YughuesFreeMetalMaterials/Materials/M_YFMM_03.mat using Guid(d483b4637a2e1b84999ed6e843dd932a) Importer(815301076,1909f56bfc062723c751e8b465ee728b) [PhysX] Initialized MultithreadedTaskDispatcher with 16 workers.
[PhysX] Initialized MultithreadedTaskDispatcher with 16 workers.
 -> (artifact id: '4612bfc126fb87a9b252548d9f9dfc1e') in 0.020346 seconds
Number of updated asset objects reloaded before import = 0
Number of asset objects unloaded after import = 5
========================================================================
Received Import Request.
  Time since last request: 0.000022 seconds.
  path: Assets/Art Assets/ThermoFlux-Machine_Art/Assets/YughuesFreeMetalMaterials/Demo/M_DEMO_YFMM_Ground.mat
  artifactKey: Guid(7aff8cf784c3c21428b4887833479217) Importer(815301076,1909f56bfc062723c751e8b465ee728b)
Start importing Assets/Art Assets/ThermoFlux-Machine_Art/Assets/YughuesFreeMetalMaterials/Demo/M_DEMO_YFMM_Ground.mat using Guid(7aff8cf784c3c21428b4887833479217) Importer(815301076,1909f56bfc062723c751e8b465ee728b) [PhysX] Initialized MultithreadedTaskDispatcher with 16 workers.
[PhysX] Initialized MultithreadedTaskDispatcher with 16 workers.
 -> (artifact id: '4577dad278b92ed43bf2e1d999a0b6ba') in 0.018852 seconds
Number of updated asset objects reloaded before import = 0
Number of asset objects unloaded after import = 2
========================================================================
Received Import Request.
  Time since last request: 0.000024 seconds.
  path: Assets/TextMesh Pro/Resources/Fonts & Materials/LiberationSans SDF - Drop Shadow.mat
  artifactKey: Guid(e73a58f6e2794ae7b1b7e50b7fb811b0) Importer(815301076,1909f56bfc062723c751e8b465ee728b)
Start importing Assets/TextMesh Pro/Resources/Fonts & Materials/LiberationSans SDF - Drop Shadow.mat using Guid(e73a58f6e2794ae7b1b7e50b7fb811b0) Importer(815301076,1909f56bfc062723c751e8b465ee728b) [PhysX] Initialized MultithreadedTaskDispatcher with 16 workers.
[PhysX] Initialized MultithreadedTaskDispatcher with 16 workers.
 -> (artifact id: '50065f721a8b63ed08b1e0269c362de7') in 0.082566 seconds
Number of updated asset objects reloaded before import = 0
Number of asset objects unloaded after import = 3
========================================================================
Received Import Request.
  Time since last request: 0.000024 seconds.
  path: Assets/Art Assets/ThermoFlux-Machine_Art/Assets/YughuesFreeMetalMaterials/Materials/M_YFMM_05.mat
  artifactKey: Guid(d5c2611926b334e488e131369218f292) Importer(815301076,1909f56bfc062723c751e8b465ee728b)
Start importing Assets/Art Assets/ThermoFlux-Machine_Art/Assets/YughuesFreeMetalMaterials/Materials/M_YFMM_05.mat using Guid(d5c2611926b334e488e131369218f292) Importer(815301076,1909f56bfc062723c751e8b465ee728b) [PhysX] Initialized MultithreadedTaskDispatcher with 16 workers.
[PhysX] Initialized MultithreadedTaskDispatcher with 16 workers.
 -> (artifact id: '3ca0266995d5b842e829bba2eb9495bc') in 0.020553 seconds
Number of updated asset objects reloaded before import = 0
Number of asset objects unloaded after import = 5
========================================================================
Received Import Request.
  Time since last request: 0.377558 seconds.
  path: Assets/Art Assets/3D Models/tfRound_Half.fbx
  artifactKey: Guid(446f89cb313cb664a8c61d5f98869c3f) Importer(815301076,1909f56bfc062723c751e8b465ee728b)
Start importing Assets/Art Assets/3D Models/tfRound_Half.fbx using Guid(446f89cb313cb664a8c61d5f98869c3f) Importer(815301076,1909f56bfc062723c751e8b465ee728b) [PhysX] Initialized MultithreadedTaskDispatcher with 16 workers.
[PhysX] Initialized MultithreadedTaskDispatcher with 16 workers.
[PhysX] Initialized MultithreadedTaskDispatcher with 16 workers.
[PhysX] Initialized MultithreadedTaskDispatcher with 16 workers.
[PhysX] Initialized MultithreadedTaskDispatcher with 16 workers.
 -> (artifact id: '0f239ae21be6fdc71809e26b0ce79f4d') in 0.028192 seconds
Number of updated asset objects reloaded before import = 0
Number of asset objects unloaded after import = 10
========================================================================
Received Import Request.
  Time since last request: 0.020797 seconds.
  path: Assets/Art Assets/Art Assets/3D Models/tfCheckerOverlay2.fbx
  artifactKey: Guid(057b07c6bddd1ee469b38d15ca10fd14) Importer(815301076,1909f56bfc062723c751e8b465ee728b)
Start importing Assets/Art Assets/Art Assets/3D Models/tfCheckerOverlay2.fbx using Guid(057b07c6bddd1ee469b38d15ca10fd14) Importer(815301076,1909f56bfc062723c751e8b465ee728b) [PhysX] Initialized MultithreadedTaskDispatcher with 16 workers.
[PhysX] Initialized MultithreadedTaskDispatcher with 16 workers.
[PhysX] Initialized MultithreadedTaskDispatcher with 16 workers.
[PhysX] Initialized MultithreadedTaskDispatcher with 16 workers.
 -> (artifact id: '5283db702a6771c88782e65564c41ff4') in 0.027658 seconds
Number of updated asset objects reloaded before import = 0
Number of asset objects unloaded after import = 9
========================================================================
Received Import Request.
  Time since last request: 0.001265 seconds.
  path: Assets/Art Assets/3D Models/tfGrateTile.fbx
  artifactKey: Guid(fe9ef546a3ab53a42b2f4d534b0d6b3c) Importer(815301076,1909f56bfc062723c751e8b465ee728b)
Start importing Assets/Art Assets/3D Models/tfGrateTile.fbx using Guid(fe9ef546a3ab53a42b2f4d534b0d6b3c) Importer(815301076,1909f56bfc062723c751e8b465ee728b) [PhysX] Initialized MultithreadedTaskDispatcher with 16 workers.
[PhysX] Initialized MultithreadedTaskDispatcher with 16 workers.
[PhysX] Initialized MultithreadedTaskDispatcher with 16 workers.
[PhysX] Initialized MultithreadedTaskDispatcher with 16 workers.
 -> (artifact id: '0362a823c87b2339547a03bff60c2b93') in 0.025188 seconds
Number of updated asset objects reloaded before import = 0
Number of asset objects unloaded after import = 9
========================================================================
Received Import Request.
  Time since last request: 0.000029 seconds.
  path: Assets/Art Assets/3D Models/tfIceCube.fbx
  artifactKey: Guid(2f9badf42500fe045b776990d24ffcff) Importer(815301076,1909f56bfc062723c751e8b465ee728b)
Start importing Assets/Art Assets/3D Models/tfIceCube.fbx using Guid(2f9badf42500fe045b776990d24ffcff) Importer(815301076,1909f56bfc062723c751e8b465ee728b) [PhysX] Initialized MultithreadedTaskDispatcher with 16 workers.
[PhysX] Initialized MultithreadedTaskDispatcher with 16 workers.
[PhysX] Initialized MultithreadedTaskDispatcher with 16 workers.
[PhysX] Initialized MultithreadedTaskDispatcher with 16 workers.
 -> (artifact id: '39e4bf0a7f172927f34c934654b88972') in 0.029356 seconds
Number of updated asset objects reloaded before import = 0
Number of asset objects unloaded after import = 9
========================================================================
Received Import Request.
  Time since last request: 0.000021 seconds.
  path: Assets/Art Assets/Art Assets/3D Models/tfQuadCable.fbx
  artifactKey: Guid(ba3fe7d4a4bfe3c44a87a90551cf475d) Importer(815301076,1909f56bfc062723c751e8b465ee728b)
Start importing Assets/Art Assets/Art Assets/3D Models/tfQuadCable.fbx using Guid(ba3fe7d4a4bfe3c44a87a90551cf475d) Importer(815301076,1909f56bfc062723c751e8b465ee728b) [PhysX] Initialized MultithreadedTaskDispatcher with 16 workers.
[PhysX] Initialized MultithreadedTaskDispatcher with 16 workers.
[PhysX] Initialized MultithreadedTaskDispatcher with 16 workers.
[PhysX] Initialized MultithreadedTaskDispatcher with 16 workers.
 -> (artifact id: 'a38bc6e201fdeaed2e925fae98e92e06') in 0.027995 seconds
Number of updated asset objects reloaded before import = 0
Number of asset objects unloaded after import = 9
========================================================================
Received Import Request.
  Time since last request: 0.036743 seconds.
  path: Assets/Art Assets/Ethan-Beta-Assets/Saw/Saw.fbx
  artifactKey: Guid(859650008822f2a4ca359bd74c810026) Importer(815301076,1909f56bfc062723c751e8b465ee728b)
Start importing Assets/Art Assets/Ethan-Beta-Assets/Saw/Saw.fbx using Guid(859650008822f2a4ca359bd74c810026) Importer(815301076,1909f56bfc062723c751e8b465ee728b) [PhysX] Initialized MultithreadedTaskDispatcher with 16 workers.
[PhysX] Initialized MultithreadedTaskDispatcher with 16 workers.
[PhysX] Initialized MultithreadedTaskDispatcher with 16 workers.
[PhysX] Initialized MultithreadedTaskDispatcher with 16 workers.
 -> (artifact id: 'fa33a1c8aaf8570b3d418bd865e20ab2') in 0.022589 seconds
Number of updated asset objects reloaded before import = 0
Number of asset objects unloaded after import = 9
========================================================================
Received Import Request.
  Time since last request: 0.006519 seconds.
  path: Assets/Polygonal Particles/Assets/Materials/JetExhaust.mat
  artifactKey: Guid(00bedbb82a4cb1847a3dc8ce935f1358) Importer(815301076,1909f56bfc062723c751e8b465ee728b)
Start importing Assets/Polygonal Particles/Assets/Materials/JetExhaust.mat using Guid(00bedbb82a4cb1847a3dc8ce935f1358) Importer(815301076,1909f56bfc062723c751e8b465ee728b) [PhysX] Initialized MultithreadedTaskDispatcher with 16 workers.
[PhysX] Initialized MultithreadedTaskDispatcher with 16 workers.
 -> (artifact id: '13255e28f7c44608697d6cc26acf645a') in 0.006627 seconds
Number of updated asset objects reloaded before import = 0
Number of asset objects unloaded after import = 2
========================================================================
Received Import Request.
  Time since last request: 0.035138 seconds.
  path: Assets/Materials/IceRibbon.mat
  artifactKey: Guid(ab2897a4cdcf5f342ac39d636c3302b3) Importer(815301076,1909f56bfc062723c751e8b465ee728b)
Start importing Assets/Materials/IceRibbon.mat using Guid(ab2897a4cdcf5f342ac39d636c3302b3) Importer(815301076,1909f56bfc062723c751e8b465ee728b) [PhysX] Initialized MultithreadedTaskDispatcher with 16 workers.
[PhysX] Initialized MultithreadedTaskDispatcher with 16 workers.
 -> (artifact id: 'd3145292ab41606391be7d0e8f766966') in 0.007997 seconds
Number of updated asset objects reloaded before import = 0
Number of asset objects unloaded after import = 2
========================================================================
Received Import Request.
  Time since last request: 0.025262 seconds.
  path: Assets/Art Assets/ThermoFlux-Machine_Art/Assets/StarterAssets/Environment/Art/Models/Wall_Mesh.fbx
  artifactKey: Guid(ff02a0a00ab750f48b09459b1cafd1b8) Importer(815301076,1909f56bfc062723c751e8b465ee728b)
Start importing Assets/Art Assets/ThermoFlux-Machine_Art/Assets/StarterAssets/Environment/Art/Models/Wall_Mesh.fbx using Guid(ff02a0a00ab750f48b09459b1cafd1b8) Importer(815301076,1909f56bfc062723c751e8b465ee728b) [PhysX] Initialized MultithreadedTaskDispatcher with 16 workers.
[PhysX] Initialized MultithreadedTaskDispatcher with 16 workers.
[PhysX] Initialized MultithreadedTaskDispatcher with 16 workers.
[PhysX] Initialized MultithreadedTaskDispatcher with 16 workers.
 -> (artifact id: '9f43cec3e8b35041dd80969711eefb05') in 0.024182 seconds
Number of updated asset objects reloaded before import = 0
Number of asset objects unloaded after import = 9
========================================================================
Received Import Request.
  Time since last request: 0.016970 seconds.
  path: Assets/Art Assets/ThermoFlux-Machine_Art/Assets/StarterAssets/Environment/Art/Models/Tunnel_Mesh.fbx
  artifactKey: Guid(f712806514868e54699156ec05dcb749) Importer(815301076,1909f56bfc062723c751e8b465ee728b)
Start importing Assets/Art Assets/ThermoFlux-Machine_Art/Assets/StarterAssets/Environment/Art/Models/Tunnel_Mesh.fbx using Guid(f712806514868e54699156ec05dcb749) Importer(815301076,1909f56bfc062723c751e8b465ee728b) [PhysX] Initialized MultithreadedTaskDispatcher with 16 workers.
[PhysX] Initialized MultithreadedTaskDispatcher with 16 workers.
[PhysX] Initialized MultithreadedTaskDispatcher with 16 workers.
[PhysX] Initialized MultithreadedTaskDispatcher with 16 workers.
 -> (artifact id: 'd8b7547fa6bb3ecb6f26a28312a66aaa') in 0.028890 seconds
Number of updated asset objects reloaded before import = 0
Number of asset objects unloaded after import = 9
========================================================================
Received Import Request.
  Time since last request: 0.039938 seconds.
  path: Assets/Art Assets/ThermoFlux-Machine_Art/Assets/StarterAssets/Environment/Art/Materials/GridOrange_01_Mat.mat
  artifactKey: Guid(7ab977a21c92388468ee65ad1c0e5a78) Importer(815301076,1909f56bfc062723c751e8b465ee728b)
Start importing Assets/Art Assets/ThermoFlux-Machine_Art/Assets/StarterAssets/Environment/Art/Materials/GridOrange_01_Mat.mat using Guid(7ab977a21c92388468ee65ad1c0e5a78) Importer(815301076,1909f56bfc062723c751e8b465ee728b) [PhysX] Initialized MultithreadedTaskDispatcher with 16 workers.
[PhysX] Initialized MultithreadedTaskDispatcher with 16 workers.
 -> (artifact id: '9161809246983bf9871ba8d6de88bf5a') in 0.774559 seconds
Number of updated asset objects reloaded before import = 0
Number of asset objects unloaded after import = 5
========================================================================
Received Import Request.
  Time since last request: 0.000036 seconds.
  path: Assets/Customizable Skybox/Materials/green tree.mat
  artifactKey: Guid(162ad232b242eb042b91b10dc755c486) Importer(815301076,1909f56bfc062723c751e8b465ee728b)
Start importing Assets/Customizable Skybox/Materials/green tree.mat using Guid(162ad232b242eb042b91b10dc755c486) Importer(815301076,1909f56bfc062723c751e8b465ee728b) [PhysX] Initialized MultithreadedTaskDispatcher with 16 workers.
[PhysX] Initialized MultithreadedTaskDispatcher with 16 workers.
 -> (artifact id: '82b27dbae4a86ffcd341112a12dfaa27') in 0.010520 seconds
Number of updated asset objects reloaded before import = 0
Number of asset objects unloaded after import = 2
========================================================================
Received Import Request.
  Time since last request: 0.642953 seconds.
  path: Assets/Polygonal Particles/Assets/Materials/FirefliesMobile.mat
  artifactKey: Guid(23d6b4bc043615642b2b59ba20ef9bfb) Importer(815301076,1909f56bfc062723c751e8b465ee728b)
Start importing Assets/Polygonal Particles/Assets/Materials/FirefliesMobile.mat using Guid(23d6b4bc043615642b2b59ba20ef9bfb) Importer(815301076,1909f56bfc062723c751e8b465ee728b) [PhysX] Initialized MultithreadedTaskDispatcher with 16 workers.
[PhysX] Initialized MultithreadedTaskDispatcher with 16 workers.
 -> (artifact id: 'e060c7548fffe52af726c3ed7738b16a') in 0.007027 seconds
Number of updated asset objects reloaded before import = 0
Number of asset objects unloaded after import = 2
========================================================================
Received Import Request.
  Time since last request: 0.005815 seconds.
  path: Assets/Polygonal Particles/Assets/Materials/ExplosionMobile.mat
  artifactKey: Guid(92db4b45010a56146b66aa6ba3b712d3) Importer(815301076,1909f56bfc062723c751e8b465ee728b)
Start importing Assets/Polygonal Particles/Assets/Materials/ExplosionMobile.mat using Guid(92db4b45010a56146b66aa6ba3b712d3) Importer(815301076,1909f56bfc062723c751e8b465ee728b) [PhysX] Initialized MultithreadedTaskDispatcher with 16 workers.
[PhysX] Initialized MultithreadedTaskDispatcher with 16 workers.
 -> (artifact id: 'aa5ca4757367718c9d7230cb403675bc') in 0.007411 seconds
Number of updated asset objects reloaded before import = 0
Number of asset objects unloaded after import = 2
========================================================================
Received Import Request.
  Time since last request: 0.018940 seconds.
  path: Assets/Polygonal Particles/Assets/Materials/DesertDust.mat
  artifactKey: Guid(3f24f693cddfcf24c8d69bf2ec45ddd8) Importer(815301076,1909f56bfc062723c751e8b465ee728b)
Start importing Assets/Polygonal Particles/Assets/Materials/DesertDust.mat using Guid(3f24f693cddfcf24c8d69bf2ec45ddd8) Importer(815301076,1909f56bfc062723c751e8b465ee728b) [PhysX] Initialized MultithreadedTaskDispatcher with 16 workers.
[PhysX] Initialized MultithreadedTaskDispatcher with 16 workers.
 -> (artifact id: 'bee1b4efecd77b5b5acf4c93862f6dab') in 0.014805 seconds
Number of updated asset objects reloaded before import = 0
Number of asset objects unloaded after import = 2
========================================================================
Received Import Request.
  Time since last request: 0.000020 seconds.
  path: Assets/Customizable Skybox/Stylized Sky/Materials/Day5.mat
  artifactKey: Guid(6225fa8890cf025489e57d3aa1d87260) Importer(815301076,1909f56bfc062723c751e8b465ee728b)
Start importing Assets/Customizable Skybox/Stylized Sky/Materials/Day5.mat using Guid(6225fa8890cf025489e57d3aa1d87260) Importer(815301076,1909f56bfc062723c751e8b465ee728b) [PhysX] Initialized MultithreadedTaskDispatcher with 16 workers.
[PhysX] Initialized MultithreadedTaskDispatcher with 16 workers.
 -> (artifact id: 'e8f4fb234e1a96979952bf637fec0010') in 0.014817 seconds
Number of updated asset objects reloaded before import = 0
Number of asset objects unloaded after import = 2
========================================================================
Received Import Request.
  Time since last request: 0.000026 seconds.
  path: Assets/Customizable Skybox/Materials/darken leafs.mat
  artifactKey: Guid(3020cfb028abb6c4f977e1db1f72bef5) Importer(815301076,1909f56bfc062723c751e8b465ee728b)
Start importing Assets/Customizable Skybox/Materials/darken leafs.mat using Guid(3020cfb028abb6c4f977e1db1f72bef5) Importer(815301076,1909f56bfc062723c751e8b465ee728b) [PhysX] Initialized MultithreadedTaskDispatcher with 16 workers.
[PhysX] Initialized MultithreadedTaskDispatcher with 16 workers.
 -> (artifact id: '2caf7ccb974d8930aa39a76b4562f49c') in 0.007494 seconds
Number of updated asset objects reloaded before import = 0
Number of asset objects unloaded after import = 2
========================================================================
Received Import Request.
  Time since last request: 0.000031 seconds.
  path: Assets/Customizable Skybox/Stylized Sky/Materials/Day1.mat
  artifactKey: Guid(9aa8ed67591432941bb76f12eb23ff91) Importer(815301076,1909f56bfc062723c751e8b465ee728b)
Start importing Assets/Customizable Skybox/Stylized Sky/Materials/Day1.mat using Guid(9aa8ed67591432941bb76f12eb23ff91) Importer(815301076,1909f56bfc062723c751e8b465ee728b) [PhysX] Initialized MultithreadedTaskDispatcher with 16 workers.
[PhysX] Initialized MultithreadedTaskDispatcher with 16 workers.
 -> (artifact id: '1de2b2201672865f9aeb6e3431cfc3cd') in 0.015473 seconds
Number of updated asset objects reloaded before import = 0
Number of asset objects unloaded after import = 2
========================================================================
Received Import Request.
  Time since last request: 0.000022 seconds.
  path: Assets/Customizable Skybox/Stylized Sky/Materials/Day3.mat
  artifactKey: Guid(56113b3b655ab7349bab4d7d405c258a) Importer(815301076,1909f56bfc062723c751e8b465ee728b)
Start importing Assets/Customizable Skybox/Stylized Sky/Materials/Day3.mat using Guid(56113b3b655ab7349bab4d7d405c258a) Importer(815301076,1909f56bfc062723c751e8b465ee728b) [PhysX] Initialized MultithreadedTaskDispatcher with 16 workers.
[PhysX] Initialized MultithreadedTaskDispatcher with 16 workers.
 -> (artifact id: '93d4d8f907460e4ba027833e7b0c5713') in 0.013141 seconds
Number of updated asset objects reloaded before import = 0
Number of asset objects unloaded after import = 2
========================================================================
Received Import Request.
  Time since last request: 0.039019 seconds.
  path: Assets/Polygonal Particles/Assets/Materials/Blood.mat
  artifactKey: Guid(b39e4954c6274084b80453f69cef33d9) Importer(815301076,1909f56bfc062723c751e8b465ee728b)
Start importing Assets/Polygonal Particles/Assets/Materials/Blood.mat using Guid(b39e4954c6274084b80453f69cef33d9) Importer(815301076,1909f56bfc062723c751e8b465ee728b) [PhysX] Initialized MultithreadedTaskDispatcher with 16 workers.
[PhysX] Initialized MultithreadedTaskDispatcher with 16 workers.
 -> (artifact id: '7c2cf92e71ddec9fc46639fe0f7b535e') in 0.006305 seconds
Number of updated asset objects reloaded before import = 0
Number of asset objects unloaded after import = 2
========================================================================
Received Import Request.
  Time since last request: 0.002473 seconds.
  path: Assets/Art Assets/Ethan-Beta-Assets/EthansAssets/textures/crate/Materials/Crate_CrateTexture_Albedo.mat
  artifactKey: Guid(858cf09dabf1a7242b8dd5e595c67bd7) Importer(815301076,1909f56bfc062723c751e8b465ee728b)
Start importing Assets/Art Assets/Ethan-Beta-Assets/EthansAssets/textures/crate/Materials/Crate_CrateTexture_Albedo.mat using Guid(858cf09dabf1a7242b8dd5e595c67bd7) Importer(815301076,1909f56bfc062723c751e8b465ee728b) [PhysX] Initialized MultithreadedTaskDispatcher with 16 workers.
[PhysX] Initialized MultithreadedTaskDispatcher with 16 workers.
 -> (artifact id: '6ed5a53942fc837f87a0ec9d28535238') in 0.016409 seconds
Number of updated asset objects reloaded before import = 0
Number of asset objects unloaded after import = 3
========================================================================
Received Import Request.
  Time since last request: 0.000019 seconds.
  path: Assets/Art Assets/industrial_fan_group.fbx
  artifactKey: Guid(34296c538b4ef3a4f821791861c62615) Importer(815301076,1909f56bfc062723c751e8b465ee728b)
Start importing Assets/Art Assets/industrial_fan_group.fbx using Guid(34296c538b4ef3a4f821791861c62615) Importer(815301076,1909f56bfc062723c751e8b465ee728b) [PhysX] Initialized MultithreadedTaskDispatcher with 16 workers.
[PhysX] Initialized MultithreadedTaskDispatcher with 16 workers.
[PhysX] Initialized MultithreadedTaskDispatcher with 16 workers.
[PhysX] Initialized MultithreadedTaskDispatcher with 16 workers.
[PhysX] Initialized MultithreadedTaskDispatcher with 16 workers.
[PhysX] Initialized MultithreadedTaskDispatcher with 16 workers.
[PhysX] Initialized MultithreadedTaskDispatcher with 16 workers.
[PhysX] Initialized MultithreadedTaskDispatcher with 16 workers.
[PhysX] Initialized MultithreadedTaskDispatcher with 16 workers.
[PhysX] Initialized MultithreadedTaskDispatcher with 16 workers.
[PhysX] Initialized MultithreadedTaskDispatcher with 16 workers.
[PhysX] Initialized MultithreadedTaskDispatcher with 16 workers.
[PhysX] Initialized MultithreadedTaskDispatcher with 16 workers.
[PhysX] Initialized MultithreadedTaskDispatcher with 16 workers.
 -> (artifact id: 'e450bf7a5d4322fc2deb50c23bd35c21') in 0.068931 seconds
Number of updated asset objects reloaded before import = 0
Number of asset objects unloaded after import = 57
========================================================================
Received Import Request.
  Time since last request: 5.920742 seconds.
  path: Assets/Art Assets/ThermoFlux-Machine_Art/Assets/YughuesFreeMetalMaterials/Materials/M_YFMM_08.mat
  artifactKey: Guid(ee47644675828514c8b999edaa99ee59) Importer(815301076,1909f56bfc062723c751e8b465ee728b)
Start importing Assets/Art Assets/ThermoFlux-Machine_Art/Assets/YughuesFreeMetalMaterials/Materials/M_YFMM_08.mat using Guid(ee47644675828514c8b999edaa99ee59) Importer(815301076,1909f56bfc062723c751e8b465ee728b) [PhysX] Initialized MultithreadedTaskDispatcher with 16 workers.
[PhysX] Initialized MultithreadedTaskDispatcher with 16 workers.
 -> (artifact id: '93dfaa91f5cb1060c8cbe0e49b322f7c') in 0.017898 seconds
Number of updated asset objects reloaded before import = 0
Number of asset objects unloaded after import = 5
========================================================================
Received Import Request.
  Time since last request: 0.000025 seconds.
  path: Assets/Art Assets/ThermoFlux-Machine_Art/Assets/YughuesFreeMetalMaterials/Materials/M_YFMM_12.mat
  artifactKey: Guid(d6e7475a477721949a7fa2353ffb7e32) Importer(815301076,1909f56bfc062723c751e8b465ee728b)
Start importing Assets/Art Assets/ThermoFlux-Machine_Art/Assets/YughuesFreeMetalMaterials/Materials/M_YFMM_12.mat using Guid(d6e7475a477721949a7fa2353ffb7e32) Importer(815301076,1909f56bfc062723c751e8b465ee728b) [PhysX] Initialized MultithreadedTaskDispatcher with 16 workers.
[PhysX] Initialized MultithreadedTaskDispatcher with 16 workers.
 -> (artifact id: '26c8e9333e65f7259fd855db1b2bd13e') in 0.761921 seconds
Number of updated asset objects reloaded before import = 0
Number of asset objects unloaded after import = 6
========================================================================
Received Import Request.
  Time since last request: 0.000027 seconds.
  path: Assets/Art Assets/ThermoFlux-Machine_Art/Assets/YughuesFreeMetalMaterials/Materials/M_YFMM_30.mat
  artifactKey: Guid(a6d73f9e47bd28d438e0eaa89328614f) Importer(815301076,1909f56bfc062723c751e8b465ee728b)
Start importing Assets/Art Assets/ThermoFlux-Machine_Art/Assets/YughuesFreeMetalMaterials/Materials/M_YFMM_30.mat using Guid(a6d73f9e47bd28d438e0eaa89328614f) Importer(815301076,1909f56bfc062723c751e8b465ee728b) [PhysX] Initialized MultithreadedTaskDispatcher with 16 workers.
[PhysX] Initialized MultithreadedTaskDispatcher with 16 workers.
 -> (artifact id: '99c614693820c1370ca07503b6204be6') in 0.022158 seconds
Number of updated asset objects reloaded before import = 0
Number of asset objects unloaded after import = 5
========================================================================
Received Import Request.
  Time since last request: 0.000030 seconds.
  path: Assets/Art Assets/ThermoFlux-Machine_Art/Assets/YughuesFreeMetalMaterials/Materials/M_YFMM_27.mat
  artifactKey: Guid(3cd173ae4543f8745ac463237321e8db) Importer(815301076,1909f56bfc062723c751e8b465ee728b)
Start importing Assets/Art Assets/ThermoFlux-Machine_Art/Assets/YughuesFreeMetalMaterials/Materials/M_YFMM_27.mat using Guid(3cd173ae4543f8745ac463237321e8db) Importer(815301076,1909f56bfc062723c751e8b465ee728b) [PhysX] Initialized MultithreadedTaskDispatcher with 16 workers.
[PhysX] Initialized MultithreadedTaskDispatcher with 16 workers.
 -> (artifact id: 'ef40ddcedbf7c5ca1daacdb33c48b887') in 0.019432 seconds
Number of updated asset objects reloaded before import = 0
Number of asset objects unloaded after import = 5
========================================================================
Received Import Request.
  Time since last request: 0.000023 seconds.
  path: Assets/Art Assets/ThermoFlux-Machine_Art/Assets/YughuesFreeMetalMaterials/Materials/M_YFMM_17.mat
  artifactKey: Guid(719a1a58587c8784d86b0eec4539ef05) Importer(815301076,1909f56bfc062723c751e8b465ee728b)
Start importing Assets/Art Assets/ThermoFlux-Machine_Art/Assets/YughuesFreeMetalMaterials/Materials/M_YFMM_17.mat using Guid(719a1a58587c8784d86b0eec4539ef05) Importer(815301076,1909f56bfc062723c751e8b465ee728b) [PhysX] Initialized MultithreadedTaskDispatcher with 16 workers.
[PhysX] Initialized MultithreadedTaskDispatcher with 16 workers.
 -> (artifact id: '167a0622ba5fe8349eb9fb16be812ced') in 0.020538 seconds
Number of updated asset objects reloaded before import = 0
Number of asset objects unloaded after import = 5
========================================================================
Received Import Request.
  Time since last request: 162.846991 seconds.
  path: Assets/Art Assets/ThermoFlux-Machine_Art/Assets/StarterAssets/ThirdPersonController/Character/Textures/Armature_Arms_AlbedoTransparency.tif
  artifactKey: Guid(c6dc62700fa06274b9608a9fce8ed21b) Importer(815301076,1909f56bfc062723c751e8b465ee728b)
Start importing Assets/Art Assets/ThermoFlux-Machine_Art/Assets/StarterAssets/ThirdPersonController/Character/Textures/Armature_Arms_AlbedoTransparency.tif using Guid(c6dc62700fa06274b9608a9fce8ed21b) Importer(815301076,1909f56bfc062723c751e8b465ee728b) [PhysX] Initialized MultithreadedTaskDispatcher with 16 workers.
[PhysX] Initialized MultithreadedTaskDispatcher with 16 workers.
 -> (artifact id: '6481bb68ed5804d86c143eb108a61909') in 0.033897 seconds
Number of updated asset objects reloaded before import = 0
Number of asset objects unloaded after import = 2
========================================================================
Received Import Request.
  Time since last request: 0.000024 seconds.
  path: Assets/Art Assets/ThermoFlux-Machine_Art/Assets/StarterAssets/ThirdPersonController/Character/Textures/Armature_Body_AlbedoTransparency.tif
  artifactKey: Guid(28d78c5517421f047b88352f3b18e8e7) Importer(815301076,1909f56bfc062723c751e8b465ee728b)
Start importing Assets/Art Assets/ThermoFlux-Machine_Art/Assets/StarterAssets/ThirdPersonController/Character/Textures/Armature_Body_AlbedoTransparency.tif using Guid(28d78c5517421f047b88352f3b18e8e7) Importer(815301076,1909f56bfc062723c751e8b465ee728b) [PhysX] Initialized MultithreadedTaskDispatcher with 16 workers.
[PhysX] Initialized MultithreadedTaskDispatcher with 16 workers.
 -> (artifact id: 'f5fe41556cc2f42a4c6c5f65e4498e67') in 0.019616 seconds
Number of updated asset objects reloaded before import = 0
Number of asset objects unloaded after import = 2
========================================================================
Received Import Request.
  Time since last request: 0.000023 seconds.
  path: Assets/Art Assets/ThermoFlux-Machine_Art/Assets/StarterAssets/ThirdPersonController/Character/Textures/Armature_Legs_RGB.tif
  artifactKey: Guid(64d6bedfd9838e14fb51c78c8e947042) Importer(815301076,1909f56bfc062723c751e8b465ee728b)
Start importing Assets/Art Assets/ThermoFlux-Machine_Art/Assets/StarterAssets/ThirdPersonController/Character/Textures/Armature_Legs_RGB.tif using Guid(64d6bedfd9838e14fb51c78c8e947042) Importer(815301076,1909f56bfc062723c751e8b465ee728b) [PhysX] Initialized MultithreadedTaskDispatcher with 16 workers.
[PhysX] Initialized MultithreadedTaskDispatcher with 16 workers.
 -> (artifact id: '5b79c05c999fa848e4c7a203b2746672') in 0.021541 seconds
Number of updated asset objects reloaded before import = 0
Number of asset objects unloaded after import = 2
========================================================================
Received Import Request.
  Time since last request: 0.000023 seconds.
  path: Assets/Art Assets/ThermoFlux-Machine_Art/Assets/StarterAssets/ThirdPersonController/Character/Textures/Armature_Legs_Normal.tif
  artifactKey: Guid(b2c5d9c39850da946ae135dcb57faaea) Importer(815301076,1909f56bfc062723c751e8b465ee728b)
Start importing Assets/Art Assets/ThermoFlux-Machine_Art/Assets/StarterAssets/ThirdPersonController/Character/Textures/Armature_Legs_Normal.tif using Guid(b2c5d9c39850da946ae135dcb57faaea) Importer(815301076,1909f56bfc062723c751e8b465ee728b) [PhysX] Initialized MultithreadedTaskDispatcher with 16 workers.
[PhysX] Initialized MultithreadedTaskDispatcher with 16 workers.
 -> (artifact id: '6e772ed8830165106401f5cec0f13e59') in 0.023637 seconds
Number of updated asset objects reloaded before import = 0
Number of asset objects unloaded after import = 2
========================================================================
Received Import Request.
  Time since last request: 0.000033 seconds.
  path: Assets/TextMesh Pro/Sprites/EmojiOne.png
  artifactKey: Guid(dffef66376be4fa480fb02b19edbe903) Importer(815301076,1909f56bfc062723c751e8b465ee728b)
Start importing Assets/TextMesh Pro/Sprites/EmojiOne.png using Guid(dffef66376be4fa480fb02b19edbe903) Importer(815301076,1909f56bfc062723c751e8b465ee728b) [PhysX] Initialized MultithreadedTaskDispatcher with 16 workers.
[PhysX] Initialized MultithreadedTaskDispatcher with 16 workers.
 -> (artifact id: '9367c7599f2d1ea0e40e98be98f9a7c6') in 0.016692 seconds
Number of updated asset objects reloaded before import = 0
Number of asset objects unloaded after import = 2
========================================================================
Received Import Request.
  Time since last request: 0.000021 seconds.
  path: Assets/Art Assets/Ethan-Beta-Assets/EthansAssets/textures/crate/Crate_CrateTexture_AO.png
  artifactKey: Guid(b8100ea2ffa5de9499366809d0ae4546) Importer(815301076,1909f56bfc062723c751e8b465ee728b)
Start importing Assets/Art Assets/Ethan-Beta-Assets/EthansAssets/textures/crate/Crate_CrateTexture_AO.png using Guid(b8100ea2ffa5de9499366809d0ae4546) Importer(815301076,1909f56bfc062723c751e8b465ee728b) [PhysX] Initialized MultithreadedTaskDispatcher with 16 workers.
[PhysX] Initialized MultithreadedTaskDispatcher with 16 workers.
 -> (artifact id: 'ef7071e660a373820d680238645a5eaa') in 0.016605 seconds
Number of updated asset objects reloaded before import = 0
Number of asset objects unloaded after import = 2
========================================================================
Received Import Request.
  Time since last request: 0.000022 seconds.
  path: Assets/Art Assets/Art Assets/Particle Sprites/cloud.png
  artifactKey: Guid(27b0bda9a8ef2f048ae77e94bd1ca14f) Importer(815301076,1909f56bfc062723c751e8b465ee728b)
Start importing Assets/Art Assets/Art Assets/Particle Sprites/cloud.png using Guid(27b0bda9a8ef2f048ae77e94bd1ca14f) Importer(815301076,1909f56bfc062723c751e8b465ee728b) [PhysX] Initialized MultithreadedTaskDispatcher with 16 workers.
[PhysX] Initialized MultithreadedTaskDispatcher with 16 workers.
 -> (artifact id: '08601f1aa58505f4c9a930a0c132297d') in 0.023874 seconds
Number of updated asset objects reloaded before import = 0
Number of asset objects unloaded after import = 3
========================================================================
Received Import Request.
  Time since last request: 0.000018 seconds.
  path: Assets/Art Assets/ThermoFlux-Machine_Art/Assets/StarterAssets/ThirdPersonController/Character/Textures/Armature_Arms_RGB.tif
  artifactKey: Guid(9b46b2c2f21deb843b7ac9242d5f13e6) Importer(815301076,1909f56bfc062723c751e8b465ee728b)
Start importing Assets/Art Assets/ThermoFlux-Machine_Art/Assets/StarterAssets/ThirdPersonController/Character/Textures/Armature_Arms_RGB.tif using Guid(9b46b2c2f21deb843b7ac9242d5f13e6) Importer(815301076,1909f56bfc062723c751e8b465ee728b) [PhysX] Initialized MultithreadedTaskDispatcher with 16 workers.
[PhysX] Initialized MultithreadedTaskDispatcher with 16 workers.
 -> (artifact id: '11dcb371aab407661736923ee97b77e8') in 0.016978 seconds
Number of updated asset objects reloaded before import = 0
Number of asset objects unloaded after import = 2
========================================================================
Received Import Request.
  Time since last request: 0.000018 seconds.
  path: Assets/Art Assets/BloodOverlay.png
  artifactKey: Guid(14d138c33e7661c4c806d38a43c8cbff) Importer(815301076,1909f56bfc062723c751e8b465ee728b)
Start importing Assets/Art Assets/BloodOverlay.png using Guid(14d138c33e7661c4c806d38a43c8cbff) Importer(815301076,1909f56bfc062723c751e8b465ee728b) [PhysX] Initialized MultithreadedTaskDispatcher with 16 workers.
[PhysX] Initialized MultithreadedTaskDispatcher with 16 workers.
 -> (artifact id: '4d350a797f395c4132ff2943bc31f5ac') in 0.025414 seconds
Number of updated asset objects reloaded before import = 0
Number of asset objects unloaded after import = 3
========================================================================
Received Import Request.
  Time since last request: 0.000019 seconds.
  path: Assets/Art Assets/Ethan-Beta-Assets/EthansAssets/textures/crate/Crate_CrateTexture_Normal.png
  artifactKey: Guid(9456a79f5c3d47f49946c7e6feeed955) Importer(815301076,1909f56bfc062723c751e8b465ee728b)
Start importing Assets/Art Assets/Ethan-Beta-Assets/EthansAssets/textures/crate/Crate_CrateTexture_Normal.png using Guid(9456a79f5c3d47f49946c7e6feeed955) Importer(815301076,1909f56bfc062723c751e8b465ee728b) [PhysX] Initialized MultithreadedTaskDispatcher with 16 workers.
[PhysX] Initialized MultithreadedTaskDispatcher with 16 workers.
 -> (artifact id: '94deb84a2d1ec127aebe48a3309646e6') in 0.015256 seconds
Number of updated asset objects reloaded before import = 0
Number of asset objects unloaded after import = 2
========================================================================
Received Import Request.
  Time since last request: 1.312778 seconds.
  path: Assets/Art Assets/Ethan-Beta-Assets/Gearorcog/Gearorcog_metal_BaseMap.png
  artifactKey: Guid(0e72ce7ac80fd9d4fa00c1c3283ab9bb) Importer(815301076,1909f56bfc062723c751e8b465ee728b)
Start importing Assets/Art Assets/Ethan-Beta-Assets/Gearorcog/Gearorcog_metal_BaseMap.png using Guid(0e72ce7ac80fd9d4fa00c1c3283ab9bb) Importer(815301076,1909f56bfc062723c751e8b465ee728b) [PhysX] Initialized MultithreadedTaskDispatcher with 16 workers.
[PhysX] Initialized MultithreadedTaskDispatcher with 16 workers.
 -> (artifact id: 'abd90b888fcb95d90d8d44f5787bdbf6') in 0.014436 seconds
Number of updated asset objects reloaded before import = 0
Number of asset objects unloaded after import = 2
========================================================================
Received Import Request.
  Time since last request: 0.074315 seconds.
  path: Assets/Art Assets/ThermoFlux-Art-Assets/Gearorcog/Gearorcog_metal_MaskMap.png
  artifactKey: Guid(fd7d5d82e90594045b63714ff69f60d5) Importer(815301076,1909f56bfc062723c751e8b465ee728b)
Start importing Assets/Art Assets/ThermoFlux-Art-Assets/Gearorcog/Gearorcog_metal_MaskMap.png using Guid(fd7d5d82e90594045b63714ff69f60d5) Importer(815301076,1909f56bfc062723c751e8b465ee728b) [PhysX] Initialized MultithreadedTaskDispatcher with 16 workers.
[PhysX] Initialized MultithreadedTaskDispatcher with 16 workers.
 -> (artifact id: 'd4248d6a319776ac5c0dd9a027f01c56') in 0.017603 seconds
Number of updated asset objects reloaded before import = 0
Number of asset objects unloaded after import = 2
========================================================================
Received Import Request.
  Time since last request: 0.110132 seconds.
  path: Assets/Art Assets/Ethan-Beta-Assets/Gearorcog/Gearorcog_metal_Normal.png
  artifactKey: Guid(6604f11d6db868442afed45ab838bb51) Importer(815301076,1909f56bfc062723c751e8b465ee728b)
Start importing Assets/Art Assets/Ethan-Beta-Assets/Gearorcog/Gearorcog_metal_Normal.png using Guid(6604f11d6db868442afed45ab838bb51) Importer(815301076,1909f56bfc062723c751e8b465ee728b) [PhysX] Initialized MultithreadedTaskDispatcher with 16 workers.
[PhysX] Initialized MultithreadedTaskDispatcher with 16 workers.
 -> (artifact id: 'f552abd77271dd3ad805da6582408dc6') in 0.015871 seconds
Number of updated asset objects reloaded before import = 0
Number of asset objects unloaded after import = 2
========================================================================
Received Import Request.
  Time since last request: 0.028572 seconds.
  path: Assets/Art Assets/ThermoFlux-Machine_Art/Assets/StarterAssets/Environment/Art/Textures/Grid_01_Normal.png
  artifactKey: Guid(c5c221ed57a3bf6488f8eba0db28a004) Importer(815301076,1909f56bfc062723c751e8b465ee728b)
Start importing Assets/Art Assets/ThermoFlux-Machine_Art/Assets/StarterAssets/Environment/Art/Textures/Grid_01_Normal.png using Guid(c5c221ed57a3bf6488f8eba0db28a004) Importer(815301076,1909f56bfc062723c751e8b465ee728b) [PhysX] Initialized MultithreadedTaskDispatcher with 16 workers.
[PhysX] Initialized MultithreadedTaskDispatcher with 16 workers.
 -> (artifact id: '716af85b9e41ae11d1b3d3fc9fd59d2d') in 0.017902 seconds
Number of updated asset objects reloaded before import = 0
Number of asset objects unloaded after import = 2
========================================================================
Received Import Request.
  Time since last request: 1.659084 seconds.
  path: Assets/Art Assets/Ethan-Beta-Assets/Ladder/Ladder_Metal_MaskMap.png
  artifactKey: Guid(d85503ecacdc98240ae41f007aaaab86) Importer(815301076,1909f56bfc062723c751e8b465ee728b)
Start importing Assets/Art Assets/Ethan-Beta-Assets/Ladder/Ladder_Metal_MaskMap.png using Guid(d85503ecacdc98240ae41f007aaaab86) Importer(815301076,1909f56bfc062723c751e8b465ee728b) [PhysX] Initialized MultithreadedTaskDispatcher with 16 workers.
[PhysX] Initialized MultithreadedTaskDispatcher with 16 workers.
 -> (artifact id: 'cbb6807f0b1f9670022644feea9b8e93') in 0.016708 seconds
Number of updated asset objects reloaded before import = 0
Number of asset objects unloaded after import = 2
========================================================================
Received Import Request.
  Time since last request: 0.049118 seconds.
  path: Assets/Art Assets/Ethan-Beta-Assets/Metal Tank/Metal Tank_Material_1_BaseMap.png
  artifactKey: Guid(1a3df98029b612448af852d212d1cb3e) Importer(815301076,1909f56bfc062723c751e8b465ee728b)
Start importing Assets/Art Assets/Ethan-Beta-Assets/Metal Tank/Metal Tank_Material_1_BaseMap.png using Guid(1a3df98029b612448af852d212d1cb3e) Importer(815301076,1909f56bfc062723c751e8b465ee728b) [PhysX] Initialized MultithreadedTaskDispatcher with 16 workers.
[PhysX] Initialized MultithreadedTaskDispatcher with 16 workers.
 -> (artifact id: 'fc3b505cc221bafb44606f48e32d2be9') in 0.015719 seconds
Number of updated asset objects reloaded before import = 0
Number of asset objects unloaded after import = 2
========================================================================
Received Import Request.
  Time since last request: 0.385024 seconds.
  path: Assets/Art Assets/Ethan-Beta-Assets/Metal Tank/Metal Tank_Material_1_Normal.png
  artifactKey: Guid(d228ac1e3f4515a4e8df47a82f406aee) Importer(815301076,1909f56bfc062723c751e8b465ee728b)
Start importing Assets/Art Assets/Ethan-Beta-Assets/Metal Tank/Metal Tank_Material_1_Normal.png using Guid(d228ac1e3f4515a4e8df47a82f406aee) Importer(815301076,1909f56bfc062723c751e8b465ee728b) [PhysX] Initialized MultithreadedTaskDispatcher with 16 workers.
[PhysX] Initialized MultithreadedTaskDispatcher with 16 workers.
 -> (artifact id: '1e8e89f260e4123d7c2f1b94e33b6e28') in 0.016252 seconds
Number of updated asset objects reloaded before import = 0
Number of asset objects unloaded after import = 2
========================================================================
Received Import Request.
  Time since last request: 0.065813 seconds.
  path: Assets/Art Assets/Ethan-Beta-Assets/Metal Tank/Metal Tank_Material_2_Normal.png
  artifactKey: Guid(ec982c216b3315d49bc3f5e11494916c) Importer(815301076,1909f56bfc062723c751e8b465ee728b)
Start importing Assets/Art Assets/Ethan-Beta-Assets/Metal Tank/Metal Tank_Material_2_Normal.png using Guid(ec982c216b3315d49bc3f5e11494916c) Importer(815301076,1909f56bfc062723c751e8b465ee728b) [PhysX] Initialized MultithreadedTaskDispatcher with 16 workers.
[PhysX] Initialized MultithreadedTaskDispatcher with 16 workers.
 -> (artifact id: 'f688606fef2f13f8ae2c3686c77866dc') in 0.016942 seconds
Number of updated asset objects reloaded before import = 0
Number of asset objects unloaded after import = 2
========================================================================
Received Import Request.
  Time since last request: 0.032120 seconds.
  path: Assets/Art Assets/ThermoFlux-Art-Assets/Pipes/Pipes_metal_MaskMap.png
  artifactKey: Guid(1e625f5c4145d5a4cae5c2d9032adef1) Importer(815301076,1909f56bfc062723c751e8b465ee728b)
Start importing Assets/Art Assets/ThermoFlux-Art-Assets/Pipes/Pipes_metal_MaskMap.png using Guid(1e625f5c4145d5a4cae5c2d9032adef1) Importer(815301076,1909f56bfc062723c751e8b465ee728b) [PhysX] Initialized MultithreadedTaskDispatcher with 16 workers.
[PhysX] Initialized MultithreadedTaskDispatcher with 16 workers.
 -> (artifact id: 'c7260b1b667db6717e9a537a3d212660') in 0.018539 seconds
Number of updated asset objects reloaded before import = 0
Number of asset objects unloaded after import = 2
========================================================================
Received Import Request.
  Time since last request: 0.013742 seconds.
  path: Assets/Art Assets/Ethan-Beta-Assets/Pipes/Pipes_metal_Normal.png
  artifactKey: Guid(f2175d52e8e2cc649a9b7ede76e46266) Importer(815301076,1909f56bfc062723c751e8b465ee728b)
Start importing Assets/Art Assets/Ethan-Beta-Assets/Pipes/Pipes_metal_Normal.png using Guid(f2175d52e8e2cc649a9b7ede76e46266) Importer(815301076,1909f56bfc062723c751e8b465ee728b) [PhysX] Initialized MultithreadedTaskDispatcher with 16 workers.
[PhysX] Initialized MultithreadedTaskDispatcher with 16 workers.
 -> (artifact id: 'cd95d59381d515d41b50879bfde4c336') in 0.016381 seconds
Number of updated asset objects reloaded before import = 0
Number of asset objects unloaded after import = 2
========================================================================
Received Import Request.
  Time since last request: 0.042590 seconds.
  path: Assets/Art Assets/ThermoFlux-Art-Assets/Player_Model/Player_Model_standardSurface1_BaseMap_sRGB.1001.png
  artifactKey: Guid(bbe1dd325fbd85c4a89a83b7a33f5dc9) Importer(815301076,1909f56bfc062723c751e8b465ee728b)
Start importing Assets/Art Assets/ThermoFlux-Art-Assets/Player_Model/Player_Model_standardSurface1_BaseMap_sRGB.1001.png using Guid(bbe1dd325fbd85c4a89a83b7a33f5dc9) Importer(815301076,1909f56bfc062723c751e8b465ee728b) [PhysX] Initialized MultithreadedTaskDispatcher with 16 workers.
[PhysX] Initialized MultithreadedTaskDispatcher with 16 workers.
 -> (artifact id: 'aa99e30972a01195b01e23a46cf320d9') in 0.016971 seconds
Number of updated asset objects reloaded before import = 0
Number of asset objects unloaded after import = 2
========================================================================
Received Import Request.
  Time since last request: 0.045448 seconds.
  path: Assets/Art Assets/ThermoFlux-Art-Assets/Player_Model/Player_Model_standardSurface1_MaskMap_Raw.1001.png
  artifactKey: Guid(b918fd74964e2ba4488b1a916fb5572a) Importer(815301076,1909f56bfc062723c751e8b465ee728b)
Start importing Assets/Art Assets/ThermoFlux-Art-Assets/Player_Model/Player_Model_standardSurface1_MaskMap_Raw.1001.png using Guid(b918fd74964e2ba4488b1a916fb5572a) Importer(815301076,1909f56bfc062723c751e8b465ee728b) [PhysX] Initialized MultithreadedTaskDispatcher with 16 workers.
[PhysX] Initialized MultithreadedTaskDispatcher with 16 workers.
 -> (artifact id: '206e3da50f2e107114ec4da315a907ea') in 0.009843 seconds
Number of updated asset objects reloaded before import = 0
Number of asset objects unloaded after import = 2
========================================================================
Received Import Request.
  Time since last request: 0.058789 seconds.
  path: Assets/Art Assets/Player_Model/Materials/Player_Model_standardSurface1_Normal_Raw.1001.png
  artifactKey: Guid(9a4bad768108348449797f87b5998a08) Importer(815301076,1909f56bfc062723c751e8b465ee728b)
Start importing Assets/Art Assets/Player_Model/Materials/Player_Model_standardSurface1_Normal_Raw.1001.png using Guid(9a4bad768108348449797f87b5998a08) Importer(815301076,1909f56bfc062723c751e8b465ee728b) [PhysX] Initialized MultithreadedTaskDispatcher with 16 workers.
[PhysX] Initialized MultithreadedTaskDispatcher with 16 workers.
 -> (artifact id: 'db906d67de3166949c0b37cfe0c98d3b') in 0.013301 seconds
Number of updated asset objects reloaded before import = 0
Number of asset objects unloaded after import = 2
========================================================================
Received Import Request.
  Time since last request: 0.043366 seconds.
  path: Assets/Thirdparty/Ciathyza/Gridbox Prototype Materials/Textures/prototype_512x512_blue3.png
  artifactKey: Guid(b6fc60785b6a795478135ce6f7712c5a) Importer(815301076,1909f56bfc062723c751e8b465ee728b)
Start importing Assets/Thirdparty/Ciathyza/Gridbox Prototype Materials/Textures/prototype_512x512_blue3.png using Guid(b6fc60785b6a795478135ce6f7712c5a) Importer(815301076,1909f56bfc062723c751e8b465ee728b) [PhysX] Initialized MultithreadedTaskDispatcher with 16 workers.
[PhysX] Initialized MultithreadedTaskDispatcher with 16 workers.
 -> (artifact id: 'bbea8717fd50299b02694047dce7c11a') in 0.013881 seconds
Number of updated asset objects reloaded before import = 0
Number of asset objects unloaded after import = 2
========================================================================
Received Import Request.
  Time since last request: 0.071129 seconds.
  path: Assets/Thirdparty/Ciathyza/Gridbox Prototype Materials/Textures/prototype_512x512_green1.png
  artifactKey: Guid(4967dfcee94bddd4ba1430cb6fa1f304) Importer(815301076,1909f56bfc062723c751e8b465ee728b)
Start importing Assets/Thirdparty/Ciathyza/Gridbox Prototype Materials/Textures/prototype_512x512_green1.png using Guid(4967dfcee94bddd4ba1430cb6fa1f304) Importer(815301076,1909f56bfc062723c751e8b465ee728b) [PhysX] Initialized MultithreadedTaskDispatcher with 16 workers.
[PhysX] Initialized MultithreadedTaskDispatcher with 16 workers.
 -> (artifact id: '7f7beb515cd624cbb37afaa8863f1191') in 0.017784 seconds
Number of updated asset objects reloaded before import = 0
Number of asset objects unloaded after import = 2
========================================================================
Received Import Request.
  Time since last request: 0.050993 seconds.
  path: Assets/Thirdparty/Ciathyza/Gridbox Prototype Materials/Textures/prototype_512x512_grey1.png
  artifactKey: Guid(dd29f35641da38647a1eeb1028211f1a) Importer(815301076,1909f56bfc062723c751e8b465ee728b)
Start importing Assets/Thirdparty/Ciathyza/Gridbox Prototype Materials/Textures/prototype_512x512_grey1.png using Guid(dd29f35641da38647a1eeb1028211f1a) Importer(815301076,1909f56bfc062723c751e8b465ee728b) [PhysX] Initialized MultithreadedTaskDispatcher with 16 workers.
[PhysX] Initialized MultithreadedTaskDispatcher with 16 workers.
 -> (artifact id: '2071fa0090131d7f96d0995ec6aaf169') in 0.014257 seconds
Number of updated asset objects reloaded before import = 0
Number of asset objects unloaded after import = 2
========================================================================
Received Import Request.
  Time since last request: 0.605874 seconds.
  path: Assets/Thirdparty/Ciathyza/Gridbox Prototype Materials/Textures/prototype_512x512_grey4.png
  artifactKey: Guid(ed0c2c8a99e92e14ba740ac8aa428288) Importer(815301076,1909f56bfc062723c751e8b465ee728b)
Start importing Assets/Thirdparty/Ciathyza/Gridbox Prototype Materials/Textures/prototype_512x512_grey4.png using Guid(ed0c2c8a99e92e14ba740ac8aa428288) Importer(815301076,1909f56bfc062723c751e8b465ee728b) [PhysX] Initialized MultithreadedTaskDispatcher with 16 workers.
[PhysX] Initialized MultithreadedTaskDispatcher with 16 workers.
 -> (artifact id: '7c12e4a75410d778317e70767325e60b') in 0.013573 seconds
Number of updated asset objects reloaded before import = 0
Number of asset objects unloaded after import = 2
========================================================================
Received Import Request.
  Time since last request: 0.010673 seconds.
  path: Assets/Thirdparty/Ciathyza/Gridbox Prototype Materials/Textures/prototype_512x512_olive.png
  artifactKey: Guid(9895b9b639c999f488492b5182e2242c) Importer(815301076,1909f56bfc062723c751e8b465ee728b)
Start importing Assets/Thirdparty/Ciathyza/Gridbox Prototype Materials/Textures/prototype_512x512_olive.png using Guid(9895b9b639c999f488492b5182e2242c) Importer(815301076,1909f56bfc062723c751e8b465ee728b) [PhysX] Initialized MultithreadedTaskDispatcher with 16 workers.
[PhysX] Initialized MultithreadedTaskDispatcher with 16 workers.
 -> (artifact id: '7b7cba59814828a7568345500404c6c4') in 0.018549 seconds
Number of updated asset objects reloaded before import = 0
Number of asset objects unloaded after import = 2
========================================================================
Received Import Request.
  Time since last request: 0.003212 seconds.
  path: Assets/Thirdparty/Ciathyza/Gridbox Prototype Materials/Textures/prototype_512x512_yellow.png
  artifactKey: Guid(ee12d2bc9f5c8554d97d5beb9dc4b275) Importer(815301076,1909f56bfc062723c751e8b465ee728b)
Start importing Assets/Thirdparty/Ciathyza/Gridbox Prototype Materials/Textures/prototype_512x512_yellow.png using Guid(ee12d2bc9f5c8554d97d5beb9dc4b275) Importer(815301076,1909f56bfc062723c751e8b465ee728b) [PhysX] Initialized MultithreadedTaskDispatcher with 16 workers.
[PhysX] Initialized MultithreadedTaskDispatcher with 16 workers.
 -> (artifact id: 'ff58e8b3230f991281d90c6d468f05e1') in 0.013779 seconds
Number of updated asset objects reloaded before import = 0
Number of asset objects unloaded after import = 2
========================================================================
Received Import Request.
  Time since last request: 0.000028 seconds.
  path: Assets/Art Assets/ThermoFlux-Machine_Art/Assets/StarterAssets/TutorialInfo/Icons/ReadMeImg.PNG
  artifactKey: Guid(44a17a5b205fcd349a24700e6f5615bd) Importer(815301076,1909f56bfc062723c751e8b465ee728b)
Start importing Assets/Art Assets/ThermoFlux-Machine_Art/Assets/StarterAssets/TutorialInfo/Icons/ReadMeImg.PNG using Guid(44a17a5b205fcd349a24700e6f5615bd) Importer(815301076,1909f56bfc062723c751e8b465ee728b) [PhysX] Initialized MultithreadedTaskDispatcher with 16 workers.
[PhysX] Initialized MultithreadedTaskDispatcher with 16 workers.
 -> (artifact id: '5b21497ff33c92cef5bf517e75f7007d') in 0.017076 seconds
Number of updated asset objects reloaded before import = 0
Number of asset objects unloaded after import = 2
========================================================================
Received Import Request.
  Time since last request: 0.000021 seconds.
  path: Assets/Art Assets/Particle Sprites/star.png
  artifactKey: Guid(52c38e4b03c37314fa833b1e9ade759f) Importer(815301076,1909f56bfc062723c751e8b465ee728b)
Start importing Assets/Art Assets/Particle Sprites/star.png using Guid(52c38e4b03c37314fa833b1e9ade759f) Importer(815301076,1909f56bfc062723c751e8b465ee728b) [PhysX] Initialized MultithreadedTaskDispatcher with 16 workers.
[PhysX] Initialized MultithreadedTaskDispatcher with 16 workers.
 -> (artifact id: '7ec7f6183d10b0394e06a15870714a7b') in 0.017627 seconds
Number of updated asset objects reloaded before import = 0
Number of asset objects unloaded after import = 3
========================================================================
Received Import Request.
  Time since last request: 0.000018 seconds.
  path: Assets/Art Assets/ThermoFlux-Machine_Art/Assets/YughuesFreeMetalMaterials/Materials/Textures/T_01_Diffuse.tga
  artifactKey: Guid(329307f94867b154e8e49be96de7caad) Importer(815301076,1909f56bfc062723c751e8b465ee728b)
Start importing Assets/Art Assets/ThermoFlux-Machine_Art/Assets/YughuesFreeMetalMaterials/Materials/Textures/T_01_Diffuse.tga using Guid(329307f94867b154e8e49be96de7caad) Importer(815301076,1909f56bfc062723c751e8b465ee728b) [PhysX] Initialized MultithreadedTaskDispatcher with 16 workers.
[PhysX] Initialized MultithreadedTaskDispatcher with 16 workers.
 -> (artifact id: '507e7581acf50cc1954fdbbe9b0a3ba9') in 0.016255 seconds
Number of updated asset objects reloaded before import = 0
Number of asset objects unloaded after import = 2
========================================================================
Received Import Request.
  Time since last request: 0.000027 seconds.
  path: Assets/Art Assets/ThermoFlux-Machine_Art/Assets/YughuesFreeMetalMaterials/Materials/Textures/T_02_Specular.tga
  artifactKey: Guid(d8b7271fec101a84abbc668382536813) Importer(815301076,1909f56bfc062723c751e8b465ee728b)
Start importing Assets/Art Assets/ThermoFlux-Machine_Art/Assets/YughuesFreeMetalMaterials/Materials/Textures/T_02_Specular.tga using Guid(d8b7271fec101a84abbc668382536813) Importer(815301076,1909f56bfc062723c751e8b465ee728b) [PhysX] Initialized MultithreadedTaskDispatcher with 16 workers.
[PhysX] Initialized MultithreadedTaskDispatcher with 16 workers.
 -> (artifact id: '48e8bc5265a1d64965e718a41f5cfbd5') in 0.015436 seconds
Number of updated asset objects reloaded before import = 0
Number of asset objects unloaded after import = 2
========================================================================
Received Import Request.
  Time since last request: 0.000026 seconds.
  path: Assets/Art Assets/ThermoFlux-Machine_Art/Assets/YughuesFreeMetalMaterials/Materials/Textures/T_06_Diffuse.tga
  artifactKey: Guid(d94fc41018e782d4baf1afad1b9e60d7) Importer(815301076,1909f56bfc062723c751e8b465ee728b)
Start importing Assets/Art Assets/ThermoFlux-Machine_Art/Assets/YughuesFreeMetalMaterials/Materials/Textures/T_06_Diffuse.tga using Guid(d94fc41018e782d4baf1afad1b9e60d7) Importer(815301076,1909f56bfc062723c751e8b465ee728b) [PhysX] Initialized MultithreadedTaskDispatcher with 16 workers.
[PhysX] Initialized MultithreadedTaskDispatcher with 16 workers.
 -> (artifact id: '0dc84295e8d433c4697129e67822d2de') in 0.018411 seconds
Number of updated asset objects reloaded before import = 0
Number of asset objects unloaded after import = 2
========================================================================
Received Import Request.
  Time since last request: 0.000024 seconds.
  path: Assets/Art Assets/ThermoFlux-Machine_Art/Assets/YughuesFreeMetalMaterials/Materials/Textures/T_07_Specular.tga
  artifactKey: Guid(b07df3cddf993c54a8a17e64f457b549) Importer(815301076,1909f56bfc062723c751e8b465ee728b)
Start importing Assets/Art Assets/ThermoFlux-Machine_Art/Assets/YughuesFreeMetalMaterials/Materials/Textures/T_07_Specular.tga using Guid(b07df3cddf993c54a8a17e64f457b549) Importer(815301076,1909f56bfc062723c751e8b465ee728b) [PhysX] Initialized MultithreadedTaskDispatcher with 16 workers.
[PhysX] Initialized MultithreadedTaskDispatcher with 16 workers.
 -> (artifact id: '19e4cbb15a3fd0fb75e7b3314c2297f4') in 0.017627 seconds
Number of updated asset objects reloaded before import = 0
Number of asset objects unloaded after import = 2
========================================================================
Received Import Request.
  Time since last request: 0.000023 seconds.
  path: Assets/Art Assets/ThermoFlux-Machine_Art/Assets/YughuesFreeMetalMaterials/Materials/Textures/T_08_Specular.tga
  artifactKey: Guid(9e54b7e0308fe894fac37951533a179e) Importer(815301076,1909f56bfc062723c751e8b465ee728b)
Start importing Assets/Art Assets/ThermoFlux-Machine_Art/Assets/YughuesFreeMetalMaterials/Materials/Textures/T_08_Specular.tga using Guid(9e54b7e0308fe894fac37951533a179e) Importer(815301076,1909f56bfc062723c751e8b465ee728b) [PhysX] Initialized MultithreadedTaskDispatcher with 16 workers.
[PhysX] Initialized MultithreadedTaskDispatcher with 16 workers.
 -> (artifact id: '0a158d95f29646886fbb46d4d5cdc34e') in 0.015879 seconds
Number of updated asset objects reloaded before import = 0
Number of asset objects unloaded after import = 2
========================================================================
Received Import Request.
  Time since last request: 0.000025 seconds.
  path: Assets/Art Assets/ThermoFlux-Machine_Art/Assets/YughuesFreeMetalMaterials/Materials/Textures/T_05_Normal.tga
  artifactKey: Guid(f6e6e6daff08ce04f8e7af85582635bb) Importer(815301076,1909f56bfc062723c751e8b465ee728b)
Start importing Assets/Art Assets/ThermoFlux-Machine_Art/Assets/YughuesFreeMetalMaterials/Materials/Textures/T_05_Normal.tga using Guid(f6e6e6daff08ce04f8e7af85582635bb) Importer(815301076,1909f56bfc062723c751e8b465ee728b) [PhysX] Initialized MultithreadedTaskDispatcher with 16 workers.
[PhysX] Initialized MultithreadedTaskDispatcher with 16 workers.
 -> (artifact id: '581c9ba39b6df04cd8c575bad758b7e0') in 0.016295 seconds
Number of updated asset objects reloaded before import = 0
Number of asset objects unloaded after import = 2
========================================================================
Received Import Request.
  Time since last request: 0.000026 seconds.
  path: Assets/Art Assets/ThermoFlux-Machine_Art/Assets/YughuesFreeMetalMaterials/Materials/Textures/T_01_Specular.tga
  artifactKey: Guid(09d6c9908f6e3ee4b939119f63b0ee4d) Importer(815301076,1909f56bfc062723c751e8b465ee728b)
Start importing Assets/Art Assets/ThermoFlux-Machine_Art/Assets/YughuesFreeMetalMaterials/Materials/Textures/T_01_Specular.tga using Guid(09d6c9908f6e3ee4b939119f63b0ee4d) Importer(815301076,1909f56bfc062723c751e8b465ee728b) [PhysX] Initialized MultithreadedTaskDispatcher with 16 workers.
[PhysX] Initialized MultithreadedTaskDispatcher with 16 workers.
 -> (artifact id: 'dcdfdaf1da9d7a84c31f76108d1c8501') in 0.015305 seconds
Number of updated asset objects reloaded before import = 0
Number of asset objects unloaded after import = 2
========================================================================
Received Import Request.
  Time since last request: 0.000024 seconds.
  path: Assets/Art Assets/ThermoFlux-Machine_Art/Assets/Furnace.fbm/T_11_Diffuse.tga
  artifactKey: Guid(33468d502d6c3ef439f723154a90018b) Importer(815301076,1909f56bfc062723c751e8b465ee728b)
Start importing Assets/Art Assets/ThermoFlux-Machine_Art/Assets/Furnace.fbm/T_11_Diffuse.tga using Guid(33468d502d6c3ef439f723154a90018b) Importer(815301076,1909f56bfc062723c751e8b465ee728b) [PhysX] Initialized MultithreadedTaskDispatcher with 16 workers.
[PhysX] Initialized MultithreadedTaskDispatcher with 16 workers.
 -> (artifact id: '6b3004216f1f36dc8794548fc324809d') in 0.016513 seconds
Number of updated asset objects reloaded before import = 0
Number of asset objects unloaded after import = 2
========================================================================
Received Import Request.
  Time since last request: 0.000024 seconds.
  path: Assets/Art Assets/ThermoFlux-Machine_Art/Assets/YughuesFreeMetalMaterials/Materials/Textures/T_11_Specular.tga
  artifactKey: Guid(26a5a819f3afd984ea4658c19842fc91) Importer(815301076,1909f56bfc062723c751e8b465ee728b)
Start importing Assets/Art Assets/ThermoFlux-Machine_Art/Assets/YughuesFreeMetalMaterials/Materials/Textures/T_11_Specular.tga using Guid(26a5a819f3afd984ea4658c19842fc91) Importer(815301076,1909f56bfc062723c751e8b465ee728b) [PhysX] Initialized MultithreadedTaskDispatcher with 16 workers.
[PhysX] Initialized MultithreadedTaskDispatcher with 16 workers.
 -> (artifact id: '8c912ed84f2919197696142d6770d286') in 0.018147 seconds
Number of updated asset objects reloaded before import = 0
Number of asset objects unloaded after import = 2
========================================================================
Received Import Request.
  Time since last request: 0.000032 seconds.
  path: Assets/Art Assets/ThermoFlux-Machine_Art/Assets/YughuesFreeMetalMaterials/Materials/Textures/T_12_Specular.tga
  artifactKey: Guid(d72611aa5c8088f4eb634a6f1178acd5) Importer(815301076,1909f56bfc062723c751e8b465ee728b)
Start importing Assets/Art Assets/ThermoFlux-Machine_Art/Assets/YughuesFreeMetalMaterials/Materials/Textures/T_12_Specular.tga using Guid(d72611aa5c8088f4eb634a6f1178acd5) Importer(815301076,1909f56bfc062723c751e8b465ee728b) [PhysX] Initialized MultithreadedTaskDispatcher with 16 workers.
[PhysX] Initialized MultithreadedTaskDispatcher with 16 workers.
 -> (artifact id: 'ebd24d7bb511bfaf1ae2bf50f71be26e') in 0.016413 seconds
Number of updated asset objects reloaded before import = 0
Number of asset objects unloaded after import = 2
========================================================================
Received Import Request.
  Time since last request: 0.000023 seconds.
  path: Assets/Art Assets/ThermoFlux-Machine_Art/Assets/YughuesFreeMetalMaterials/Materials/Textures/T_15_Diffuse.tga
  artifactKey: Guid(47f997fbf9cb3a840a27fef8a495a398) Importer(815301076,1909f56bfc062723c751e8b465ee728b)
Start importing Assets/Art Assets/ThermoFlux-Machine_Art/Assets/YughuesFreeMetalMaterials/Materials/Textures/T_15_Diffuse.tga using Guid(47f997fbf9cb3a840a27fef8a495a398) Importer(815301076,1909f56bfc062723c751e8b465ee728b) [PhysX] Initialized MultithreadedTaskDispatcher with 16 workers.
[PhysX] Initialized MultithreadedTaskDispatcher with 16 workers.
 -> (artifact id: '04de7864df85522c4c6a451c0aefc941') in 0.018987 seconds
Number of updated asset objects reloaded before import = 0
Number of asset objects unloaded after import = 2
========================================================================
Received Import Request.
  Time since last request: 0.000024 seconds.
  path: Assets/Art Assets/ThermoFlux-Machine_Art/Assets/YughuesFreeMetalMaterials/Materials/Textures/T_15_Specular.tga
  artifactKey: Guid(ac2f27c4fb9eb8640bf13f478c6b89ee) Importer(815301076,1909f56bfc062723c751e8b465ee728b)
Start importing Assets/Art Assets/ThermoFlux-Machine_Art/Assets/YughuesFreeMetalMaterials/Materials/Textures/T_15_Specular.tga using Guid(ac2f27c4fb9eb8640bf13f478c6b89ee) Importer(815301076,1909f56bfc062723c751e8b465ee728b) [PhysX] Initialized MultithreadedTaskDispatcher with 16 workers.
[PhysX] Initialized MultithreadedTaskDispatcher with 16 workers.
 -> (artifact id: 'dc7baad155819822c982a5668121da3c') in 0.015638 seconds
Number of updated asset objects reloaded before import = 0
Number of asset objects unloaded after import = 2
========================================================================
Received Import Request.
  Time since last request: 0.000028 seconds.
  path: Assets/Art Assets/ThermoFlux-Machine_Art/Assets/YughuesFreeMetalMaterials/Materials/Textures/T_17_Diffuse.tga
  artifactKey: Guid(f6061b0c042df0b40978226fa22c5697) Importer(815301076,1909f56bfc062723c751e8b465ee728b)
Start importing Assets/Art Assets/ThermoFlux-Machine_Art/Assets/YughuesFreeMetalMaterials/Materials/Textures/T_17_Diffuse.tga using Guid(f6061b0c042df0b40978226fa22c5697) Importer(815301076,1909f56bfc062723c751e8b465ee728b) [PhysX] Initialized MultithreadedTaskDispatcher with 16 workers.
[PhysX] Initialized MultithreadedTaskDispatcher with 16 workers.
 -> (artifact id: '129bebd9d964ffe5e04db96705f06769') in 0.017755 seconds
Number of updated asset objects reloaded before import = 0
Number of asset objects unloaded after import = 2
========================================================================
Received Import Request.
  Time since last request: 0.000027 seconds.
  path: Assets/Art Assets/ThermoFlux-Machine_Art/Assets/YughuesFreeMetalMaterials/Materials/Textures/T_17_Normal.tga
  artifactKey: Guid(2fdef62fbe345cc4daad91030f54a2d9) Importer(815301076,1909f56bfc062723c751e8b465ee728b)
Start importing Assets/Art Assets/ThermoFlux-Machine_Art/Assets/YughuesFreeMetalMaterials/Materials/Textures/T_17_Normal.tga using Guid(2fdef62fbe345cc4daad91030f54a2d9) Importer(815301076,1909f56bfc062723c751e8b465ee728b) [PhysX] Initialized MultithreadedTaskDispatcher with 16 workers.
[PhysX] Initialized MultithreadedTaskDispatcher with 16 workers.
 -> (artifact id: 'fbffb3c0502efcb2ef22e2990ea5ee4c') in 0.016581 seconds
Number of updated asset objects reloaded before import = 0
Number of asset objects unloaded after import = 2
========================================================================
Received Import Request.
  Time since last request: 0.000018 seconds.
  path: Assets/Art Assets/ThermoFlux-Machine_Art/Assets/YughuesFreeMetalMaterials/Materials/Textures/T_12_Diffuse.tga
  artifactKey: Guid(5d41fed6b38712241854c1e34c96d3ce) Importer(815301076,1909f56bfc062723c751e8b465ee728b)
Start importing Assets/Art Assets/ThermoFlux-Machine_Art/Assets/YughuesFreeMetalMaterials/Materials/Textures/T_12_Diffuse.tga using Guid(5d41fed6b38712241854c1e34c96d3ce) Importer(815301076,1909f56bfc062723c751e8b465ee728b) [PhysX] Initialized MultithreadedTaskDispatcher with 16 workers.
[PhysX] Initialized MultithreadedTaskDispatcher with 16 workers.
 -> (artifact id: 'ab66ab03ff87cf6c05f747c61d70aa00') in 0.014691 seconds
Number of updated asset objects reloaded before import = 0
Number of asset objects unloaded after import = 2
========================================================================
Received Import Request.
  Time since last request: 0.000028 seconds.
  path: Assets/Art Assets/ThermoFlux-Machine_Art/Assets/YughuesFreeMetalMaterials/Materials/Textures/T_12_Emissive.tga
  artifactKey: Guid(2d0a4c78ea142244cbf9957397b75d7a) Importer(815301076,1909f56bfc062723c751e8b465ee728b)
Start importing Assets/Art Assets/ThermoFlux-Machine_Art/Assets/YughuesFreeMetalMaterials/Materials/Textures/T_12_Emissive.tga using Guid(2d0a4c78ea142244cbf9957397b75d7a) Importer(815301076,1909f56bfc062723c751e8b465ee728b) [PhysX] Initialized MultithreadedTaskDispatcher with 16 workers.
[PhysX] Initialized MultithreadedTaskDispatcher with 16 workers.
 -> (artifact id: '8c72d90dbe51e1dcd93909f0141a1af2') in 0.017624 seconds
Number of updated asset objects reloaded before import = 0
Number of asset objects unloaded after import = 2
========================================================================
Received Import Request.
  Time since last request: 0.000020 seconds.
  path: Assets/Art Assets/ThermoFlux-Machine_Art/Assets/YughuesFreeMetalMaterials/Materials/Textures/T_06_Normal.tga
  artifactKey: Guid(b7767f0d201ba334dacf548f5238daeb) Importer(815301076,1909f56bfc062723c751e8b465ee728b)
Start importing Assets/Art Assets/ThermoFlux-Machine_Art/Assets/YughuesFreeMetalMaterials/Materials/Textures/T_06_Normal.tga using Guid(b7767f0d201ba334dacf548f5238daeb) Importer(815301076,1909f56bfc062723c751e8b465ee728b) [PhysX] Initialized MultithreadedTaskDispatcher with 16 workers.
[PhysX] Initialized MultithreadedTaskDispatcher with 16 workers.
 -> (artifact id: '5f621f21ce7cefe16d35fa7089e188fd') in 0.014441 seconds
Number of updated asset objects reloaded before import = 0
Number of asset objects unloaded after import = 2
========================================================================
Received Import Request.
  Time since last request: 0.000018 seconds.
  path: Assets/Art Assets/ThermoFlux-Machine_Art/Assets/YughuesFreeMetalMaterials/Materials/Textures/T_09_Normal.tga
  artifactKey: Guid(c56ea16fda03e4a429ea043548e66a62) Importer(815301076,1909f56bfc062723c751e8b465ee728b)
Start importing Assets/Art Assets/ThermoFlux-Machine_Art/Assets/YughuesFreeMetalMaterials/Materials/Textures/T_09_Normal.tga using Guid(c56ea16fda03e4a429ea043548e66a62) Importer(815301076,1909f56bfc062723c751e8b465ee728b) [PhysX] Initialized MultithreadedTaskDispatcher with 16 workers.
[PhysX] Initialized MultithreadedTaskDispatcher with 16 workers.
 -> (artifact id: 'ad3056fdfa11e938b5e513b916a45b4f') in 0.015229 seconds
Number of updated asset objects reloaded before import = 0
Number of asset objects unloaded after import = 2
========================================================================
Received Import Request.
  Time since last request: 0.000020 seconds.
  path: Assets/Art Assets/ThermoFlux-Machine_Art/Assets/YughuesFreeMetalMaterials/Materials/Textures/T_09_Diffuse.tga
  artifactKey: Guid(9b7130db76e1f4547a5ef5a01d08d96f) Importer(815301076,1909f56bfc062723c751e8b465ee728b)
Start importing Assets/Art Assets/ThermoFlux-Machine_Art/Assets/YughuesFreeMetalMaterials/Materials/Textures/T_09_Diffuse.tga using Guid(9b7130db76e1f4547a5ef5a01d08d96f) Importer(815301076,1909f56bfc062723c751e8b465ee728b) [PhysX] Initialized MultithreadedTaskDispatcher with 16 workers.
[PhysX] Initialized MultithreadedTaskDispatcher with 16 workers.
 -> (artifact id: '4d3b89986502fe0ab8ca3485e43cd6de') in 0.015722 seconds
Number of updated asset objects reloaded before import = 0
Number of asset objects unloaded after import = 2
========================================================================
Received Import Request.
  Time since last request: 0.000021 seconds.
  path: Assets/Art Assets/ThermoFlux-Machine_Art/Assets/YughuesFreeMetalMaterials/Materials/Textures/T_05_Diffuse.tga
  artifactKey: Guid(51b05ea1455c0f64dbd5387d62de22e1) Importer(815301076,1909f56bfc062723c751e8b465ee728b)
Start importing Assets/Art Assets/ThermoFlux-Machine_Art/Assets/YughuesFreeMetalMaterials/Materials/Textures/T_05_Diffuse.tga using Guid(51b05ea1455c0f64dbd5387d62de22e1) Importer(815301076,1909f56bfc062723c751e8b465ee728b) [PhysX] Initialized MultithreadedTaskDispatcher with 16 workers.
[PhysX] Initialized MultithreadedTaskDispatcher with 16 workers.
 -> (artifact id: '49c9700e1173c1d2c72592478981f9e1') in 0.016251 seconds
Number of updated asset objects reloaded before import = 0
Number of asset objects unloaded after import = 2
========================================================================
Received Import Request.
  Time since last request: 0.000019 seconds.
  path: Assets/Art Assets/ThermoFlux-Machine_Art/Assets/YughuesFreeMetalMaterials/Materials/Textures/T_14_Diffuse.tga
  artifactKey: Guid(02a6951378ca77e4fbd84055b67af8ca) Importer(815301076,1909f56bfc062723c751e8b465ee728b)
Start importing Assets/Art Assets/ThermoFlux-Machine_Art/Assets/YughuesFreeMetalMaterials/Materials/Textures/T_14_Diffuse.tga using Guid(02a6951378ca77e4fbd84055b67af8ca) Importer(815301076,1909f56bfc062723c751e8b465ee728b) [PhysX] Initialized MultithreadedTaskDispatcher with 16 workers.
[PhysX] Initialized MultithreadedTaskDispatcher with 16 workers.
 -> (artifact id: 'f5b7ea3b1e649a6943a45c22216d8517') in 0.014214 seconds
Number of updated asset objects reloaded before import = 0
Number of asset objects unloaded after import = 2
========================================================================
Received Import Request.
  Time since last request: 0.000024 seconds.
  path: Assets/Art Assets/ThermoFlux-Machine_Art/Assets/YughuesFreeMetalMaterials/Materials/Textures/T_02_Normal.tga
  artifactKey: Guid(d4590337a78a04448a1e23b2d41cd1c4) Importer(815301076,1909f56bfc062723c751e8b465ee728b)
Start importing Assets/Art Assets/ThermoFlux-Machine_Art/Assets/YughuesFreeMetalMaterials/Materials/Textures/T_02_Normal.tga using Guid(d4590337a78a04448a1e23b2d41cd1c4) Importer(815301076,1909f56bfc062723c751e8b465ee728b) [PhysX] Initialized MultithreadedTaskDispatcher with 16 workers.
[PhysX] Initialized MultithreadedTaskDispatcher with 16 workers.
 -> (artifact id: '6d9a04ca6b64152048678ae1e588962d') in 0.016120 seconds
Number of updated asset objects reloaded before import = 0
Number of asset objects unloaded after import = 2
========================================================================
Received Import Request.
  Time since last request: 0.133181 seconds.
  path: Assets/Art Assets/ThermoFlux-Machine_Art/Assets/Furnace_Decor.fbm/T_18_Diffuse.tga
  artifactKey: Guid(9b68529b84f25384093dd2b41573b121) Importer(815301076,1909f56bfc062723c751e8b465ee728b)
Start importing Assets/Art Assets/ThermoFlux-Machine_Art/Assets/Furnace_Decor.fbm/T_18_Diffuse.tga using Guid(9b68529b84f25384093dd2b41573b121) Importer(815301076,1909f56bfc062723c751e8b465ee728b) [PhysX] Initialized MultithreadedTaskDispatcher with 16 workers.
[PhysX] Initialized MultithreadedTaskDispatcher with 16 workers.
 -> (artifact id: '32b6392031640705ee8d7ed0d4fbf079') in 0.013550 seconds
Number of updated asset objects reloaded before import = 0
Number of asset objects unloaded after import = 2
========================================================================
Received Import Request.
  Time since last request: 0.046114 seconds.
  path: Assets/Art Assets/ThermoFlux-Machine_Art/Assets/Furnace.fbm/T_18_Normal.tga
  artifactKey: Guid(600a1492d4baa9b47bad6f0fb3413c10) Importer(815301076,1909f56bfc062723c751e8b465ee728b)
Start importing Assets/Art Assets/ThermoFlux-Machine_Art/Assets/Furnace.fbm/T_18_Normal.tga using Guid(600a1492d4baa9b47bad6f0fb3413c10) Importer(815301076,1909f56bfc062723c751e8b465ee728b) [PhysX] Initialized MultithreadedTaskDispatcher with 16 workers.
[PhysX] Initialized MultithreadedTaskDispatcher with 16 workers.
 -> (artifact id: '807ec73ddc655c71ac8847e466833d99') in 0.053265 seconds
Number of updated asset objects reloaded before import = 0
Number of asset objects unloaded after import = 2
========================================================================
Received Import Request.
  Time since last request: 0.109859 seconds.
  path: Assets/Art Assets/ThermoFlux-Machine_Art/Assets/YughuesFreeMetalMaterials/Materials/Textures/T_20_Diffuse.tga
  artifactKey: Guid(87c733e12f51e524d919526b301155bd) Importer(815301076,1909f56bfc062723c751e8b465ee728b)
Start importing Assets/Art Assets/ThermoFlux-Machine_Art/Assets/YughuesFreeMetalMaterials/Materials/Textures/T_20_Diffuse.tga using Guid(87c733e12f51e524d919526b301155bd) Importer(815301076,1909f56bfc062723c751e8b465ee728b) [PhysX] Initialized MultithreadedTaskDispatcher with 16 workers.
[PhysX] Initialized MultithreadedTaskDispatcher with 16 workers.
 -> (artifact id: '9a9827a1a57dea4085db91acf5782955') in 0.014489 seconds
Number of updated asset objects reloaded before import = 0
Number of asset objects unloaded after import = 2
========================================================================
Received Import Request.
  Time since last request: 0.021674 seconds.
  path: Assets/Art Assets/ThermoFlux-Machine_Art/Assets/YughuesFreeMetalMaterials/Materials/Textures/T_21_Diffuse.tga
  artifactKey: Guid(65c44c9418dce2e4e966f8fb196d64db) Importer(815301076,1909f56bfc062723c751e8b465ee728b)
Start importing Assets/Art Assets/ThermoFlux-Machine_Art/Assets/YughuesFreeMetalMaterials/Materials/Textures/T_21_Diffuse.tga using Guid(65c44c9418dce2e4e966f8fb196d64db) Importer(815301076,1909f56bfc062723c751e8b465ee728b) [PhysX] Initialized MultithreadedTaskDispatcher with 16 workers.
[PhysX] Initialized MultithreadedTaskDispatcher with 16 workers.
 -> (artifact id: '47d70a6ccbb0820ba43237441c423794') in 0.014661 seconds
Number of updated asset objects reloaded before import = 0
Number of asset objects unloaded after import = 2
========================================================================
Received Import Request.
  Time since last request: 0.256226 seconds.
  path: Assets/Art Assets/ThermoFlux-Machine_Art/Assets/YughuesFreeMetalMaterials/Materials/Textures/T_22_Diffuse.tga
  artifactKey: Guid(445cb47871abfa0459e87e16500c10c7) Importer(815301076,1909f56bfc062723c751e8b465ee728b)
Start importing Assets/Art Assets/ThermoFlux-Machine_Art/Assets/YughuesFreeMetalMaterials/Materials/Textures/T_22_Diffuse.tga using Guid(445cb47871abfa0459e87e16500c10c7) Importer(815301076,1909f56bfc062723c751e8b465ee728b) [PhysX] Initialized MultithreadedTaskDispatcher with 16 workers.
[PhysX] Initialized MultithreadedTaskDispatcher with 16 workers.
 -> (artifact id: 'fbb9b77c9f079e2b433b5012c372b2ef') in 0.013901 seconds
Number of updated asset objects reloaded before import = 0
Number of asset objects unloaded after import = 2
========================================================================
Received Import Request.
  Time since last request: 0.013566 seconds.
  path: Assets/Art Assets/ThermoFlux-Machine_Art/Assets/YughuesFreeMetalMaterials/Materials/Textures/T_23_Diffuse.tga
  artifactKey: Guid(8413ed1331ead2d45ade40523232bc0f) Importer(815301076,1909f56bfc062723c751e8b465ee728b)
Start importing Assets/Art Assets/ThermoFlux-Machine_Art/Assets/YughuesFreeMetalMaterials/Materials/Textures/T_23_Diffuse.tga using Guid(8413ed1331ead2d45ade40523232bc0f) Importer(815301076,1909f56bfc062723c751e8b465ee728b) [PhysX] Initialized MultithreadedTaskDispatcher with 16 workers.
[PhysX] Initialized MultithreadedTaskDispatcher with 16 workers.
 -> (artifact id: 'f71e970e15feb496c8a1e06b50478a14') in 0.014659 seconds
Number of updated asset objects reloaded before import = 0
Number of asset objects unloaded after import = 2
========================================================================
Received Import Request.
  Time since last request: 0.014539 seconds.
  path: Assets/Art Assets/ThermoFlux-Machine_Art/Assets/YughuesFreeMetalMaterials/Materials/Textures/T_24_Diffuse.tga
  artifactKey: Guid(4bdf8705c42ae7540afc582420d73843) Importer(815301076,1909f56bfc062723c751e8b465ee728b)
Start importing Assets/Art Assets/ThermoFlux-Machine_Art/Assets/YughuesFreeMetalMaterials/Materials/Textures/T_24_Diffuse.tga using Guid(4bdf8705c42ae7540afc582420d73843) Importer(815301076,1909f56bfc062723c751e8b465ee728b) [PhysX] Initialized MultithreadedTaskDispatcher with 16 workers.
[PhysX] Initialized MultithreadedTaskDispatcher with 16 workers.
 -> (artifact id: 'b74a3858ef7810779da872ecb03e0c2f') in 0.015489 seconds
Number of updated asset objects reloaded before import = 0
Number of asset objects unloaded after import = 2
========================================================================
Received Import Request.
  Time since last request: 0.000021 seconds.
  path: Assets/Art Assets/ThermoFlux-Machine_Art/Assets/YughuesFreeMetalMaterials/Materials/Textures/T_25_Normal.tga
  artifactKey: Guid(18fcf7bf1b94dd3459a6ea26b304428e) Importer(815301076,1909f56bfc062723c751e8b465ee728b)
Start importing Assets/Art Assets/ThermoFlux-Machine_Art/Assets/YughuesFreeMetalMaterials/Materials/Textures/T_25_Normal.tga using Guid(18fcf7bf1b94dd3459a6ea26b304428e) Importer(815301076,1909f56bfc062723c751e8b465ee728b) [PhysX] Initialized MultithreadedTaskDispatcher with 16 workers.
[PhysX] Initialized MultithreadedTaskDispatcher with 16 workers.
 -> (artifact id: 'aaa9d009438dc63b103c399907d018da') in 0.015806 seconds
Number of updated asset objects reloaded before import = 0
Number of asset objects unloaded after import = 2
========================================================================
Received Import Request.
  Time since last request: 0.000648 seconds.
  path: Assets/Art Assets/ThermoFlux-Machine_Art/Assets/YughuesFreeMetalMaterials/Materials/Textures/T_26_Diffuse.tga
  artifactKey: Guid(f82867d065cf7d141b29809854fc3e1d) Importer(815301076,1909f56bfc062723c751e8b465ee728b)
Start importing Assets/Art Assets/ThermoFlux-Machine_Art/Assets/YughuesFreeMetalMaterials/Materials/Textures/T_26_Diffuse.tga using Guid(f82867d065cf7d141b29809854fc3e1d) Importer(815301076,1909f56bfc062723c751e8b465ee728b) [PhysX] Initialized MultithreadedTaskDispatcher with 16 workers.
[PhysX] Initialized MultithreadedTaskDispatcher with 16 workers.
 -> (artifact id: '759b228328a8cfb57116f199643e451b') in 0.014604 seconds
Number of updated asset objects reloaded before import = 0
Number of asset objects unloaded after import = 2
========================================================================
Received Import Request.
  Time since last request: 0.000022 seconds.
  path: Assets/Art Assets/ThermoFlux-Machine_Art/Assets/YughuesFreeMetalMaterials/Materials/Textures/T_27_Normal.tga
  artifactKey: Guid(32f6012cc48ae0b4899021bb4a03a8da) Importer(815301076,1909f56bfc062723c751e8b465ee728b)
Start importing Assets/Art Assets/ThermoFlux-Machine_Art/Assets/YughuesFreeMetalMaterials/Materials/Textures/T_27_Normal.tga using Guid(32f6012cc48ae0b4899021bb4a03a8da) Importer(815301076,1909f56bfc062723c751e8b465ee728b) [PhysX] Initialized MultithreadedTaskDispatcher with 16 workers.
[PhysX] Initialized MultithreadedTaskDispatcher with 16 workers.
 -> (artifact id: '5738fca6108158f6660f48535491973f') in 0.013645 seconds
Number of updated asset objects reloaded before import = 0
Number of asset objects unloaded after import = 2
========================================================================
Received Import Request.
  Time since last request: 0.419509 seconds.
  path: Assets/Art Assets/ThermoFlux-Machine_Art/Assets/YughuesFreeMetalMaterials/Materials/Textures/T_28_Diffuse.tga
  artifactKey: Guid(9b6cbf8847f1b8643a4e8b05122ce9aa) Importer(815301076,1909f56bfc062723c751e8b465ee728b)
Start importing Assets/Art Assets/ThermoFlux-Machine_Art/Assets/YughuesFreeMetalMaterials/Materials/Textures/T_28_Diffuse.tga using Guid(9b6cbf8847f1b8643a4e8b05122ce9aa) Importer(815301076,1909f56bfc062723c751e8b465ee728b) [PhysX] Initialized MultithreadedTaskDispatcher with 16 workers.
[PhysX] Initialized MultithreadedTaskDispatcher with 16 workers.
 -> (artifact id: '52fee78e948a783100142709a0b10c30') in 0.006531 seconds
Number of updated asset objects reloaded before import = 0
Number of asset objects unloaded after import = 2
========================================================================
Received Import Request.
  Time since last request: 0.050650 seconds.
  path: Assets/Art Assets/ThermoFlux-Machine_Art/Assets/Furnace_Decor.fbm/T_28_Normal.tga
  artifactKey: Guid(2851e79af3867f94794a8a54b1cf3041) Importer(815301076,1909f56bfc062723c751e8b465ee728b)
Start importing Assets/Art Assets/ThermoFlux-Machine_Art/Assets/Furnace_Decor.fbm/T_28_Normal.tga using Guid(2851e79af3867f94794a8a54b1cf3041) Importer(815301076,1909f56bfc062723c751e8b465ee728b) [PhysX] Initialized MultithreadedTaskDispatcher with 16 workers.
[PhysX] Initialized MultithreadedTaskDispatcher with 16 workers.
 -> (artifact id: 'b5fd9fa7c141dbab0ebc16f2e81e8f53') in 0.014259 seconds
Number of updated asset objects reloaded before import = 0
Number of asset objects unloaded after import = 2
========================================================================
Received Import Request.
  Time since last request: 0.020871 seconds.
  path: Assets/Art Assets/ThermoFlux-Machine_Art/Assets/YughuesFreeMetalMaterials/Materials/Textures/T_28_Specular.tga
  artifactKey: Guid(d86c80ae03435124fbf96fd0e9882016) Importer(815301076,1909f56bfc062723c751e8b465ee728b)
Start importing Assets/Art Assets/ThermoFlux-Machine_Art/Assets/YughuesFreeMetalMaterials/Materials/Textures/T_28_Specular.tga using Guid(d86c80ae03435124fbf96fd0e9882016) Importer(815301076,1909f56bfc062723c751e8b465ee728b) [PhysX] Initialized MultithreadedTaskDispatcher with 16 workers.
[PhysX] Initialized MultithreadedTaskDispatcher with 16 workers.
 -> (artifact id: '83dff6334d9203dc6b4e699c21f58e2f') in 0.013959 seconds
Number of updated asset objects reloaded before import = 0
Number of asset objects unloaded after import = 2
========================================================================
Received Import Request.
  Time since last request: 0.014349 seconds.
  path: Assets/Art Assets/ThermoFlux-Machine_Art/Assets/Furnace.fbm/T_29_Diffuse.tga
  artifactKey: Guid(48090b56323c9d344b49eb4642fbd0eb) Importer(815301076,1909f56bfc062723c751e8b465ee728b)
Start importing Assets/Art Assets/ThermoFlux-Machine_Art/Assets/Furnace.fbm/T_29_Diffuse.tga using Guid(48090b56323c9d344b49eb4642fbd0eb) Importer(815301076,1909f56bfc062723c751e8b465ee728b) [PhysX] Initialized MultithreadedTaskDispatcher with 16 workers.
[PhysX] Initialized MultithreadedTaskDispatcher with 16 workers.
 -> (artifact id: '1c67ce9a8be4a8bd6f5271d302d46aed') in 0.009825 seconds
Number of updated asset objects reloaded before import = 0
Number of asset objects unloaded after import = 2
========================================================================
Received Import Request.
  Time since last request: 0.023975 seconds.
  path: Assets/Art Assets/ThermoFlux-Machine_Art/Assets/YughuesFreeMetalMaterials/Materials/Textures/T_29_Normal.tga
  artifactKey: Guid(b0a7501717f3514478fad8bb7bae311c) Importer(815301076,1909f56bfc062723c751e8b465ee728b)
Start importing Assets/Art Assets/ThermoFlux-Machine_Art/Assets/YughuesFreeMetalMaterials/Materials/Textures/T_29_Normal.tga using Guid(b0a7501717f3514478fad8bb7bae311c) Importer(815301076,1909f56bfc062723c751e8b465ee728b) [PhysX] Initialized MultithreadedTaskDispatcher with 16 workers.
[PhysX] Initialized MultithreadedTaskDispatcher with 16 workers.
 -> (artifact id: 'c3c7559f06e30b78a2e657acdbbcd9ff') in 0.014633 seconds
Number of updated asset objects reloaded before import = 0
Number of asset objects unloaded after import = 2
========================================================================
Received Import Request.
  Time since last request: 0.011221 seconds.
  path: Assets/Art Assets/ThermoFlux-Machine_Art/Assets/Furnace_Decor.fbm/T_30_Diffuse.tga
  artifactKey: Guid(c17b104047ae1aa499464dbe3b5f2a56) Importer(815301076,1909f56bfc062723c751e8b465ee728b)
Start importing Assets/Art Assets/ThermoFlux-Machine_Art/Assets/Furnace_Decor.fbm/T_30_Diffuse.tga using Guid(c17b104047ae1aa499464dbe3b5f2a56) Importer(815301076,1909f56bfc062723c751e8b465ee728b) [PhysX] Initialized MultithreadedTaskDispatcher with 16 workers.
[PhysX] Initialized MultithreadedTaskDispatcher with 16 workers.
 -> (artifact id: '1b7dfe7d8eb96856d4faa8e88d8aa5b8') in 0.014454 seconds
Number of updated asset objects reloaded before import = 0
Number of asset objects unloaded after import = 2
========================================================================
Received Import Request.
  Time since last request: 0.000363 seconds.
  path: Assets/Art Assets/ThermoFlux-Machine_Art/Assets/Furnace.fbm/T_30_Normal.tga
  artifactKey: Guid(dcef2d3c6ff5661458c1a209ce9e47f3) Importer(815301076,1909f56bfc062723c751e8b465ee728b)
Start importing Assets/Art Assets/ThermoFlux-Machine_Art/Assets/Furnace.fbm/T_30_Normal.tga using Guid(dcef2d3c6ff5661458c1a209ce9e47f3) Importer(815301076,1909f56bfc062723c751e8b465ee728b) [PhysX] Initialized MultithreadedTaskDispatcher with 16 workers.
[PhysX] Initialized MultithreadedTaskDispatcher with 16 workers.
 -> (artifact id: '49fdf52ffc41ef8fd8891e0f547b09b8') in 0.014332 seconds
Number of updated asset objects reloaded before import = 0
Number of asset objects unloaded after import = 2
========================================================================
Received Import Request.
  Time since last request: 0.000356 seconds.
  path: Assets/Art Assets/ThermoFlux-Machine_Art/Assets/YughuesFreeMetalMaterials/Materials/Textures/T_31_Diffuse.tga
  artifactKey: Guid(45327f0d326c97f4f884bf345d710f7e) Importer(815301076,1909f56bfc062723c751e8b465ee728b)
Start importing Assets/Art Assets/ThermoFlux-Machine_Art/Assets/YughuesFreeMetalMaterials/Materials/Textures/T_31_Diffuse.tga using Guid(45327f0d326c97f4f884bf345d710f7e) Importer(815301076,1909f56bfc062723c751e8b465ee728b) [PhysX] Initialized MultithreadedTaskDispatcher with 16 workers.
[PhysX] Initialized MultithreadedTaskDispatcher with 16 workers.
 -> (artifact id: '69f60e9cb5ea83552977892f4863b276') in 0.014160 seconds
Number of updated asset objects reloaded before import = 0
Number of asset objects unloaded after import = 2
========================================================================
Received Import Request.
  Time since last request: 0.011947 seconds.
  path: Assets/Art Assets/ThermoFlux-Machine_Art/Assets/YughuesFreeMetalMaterials/Materials/Textures/T_32_Diffuse.tga
  artifactKey: Guid(ca4ea6523c57b804492b6ea25083411b) Importer(815301076,1909f56bfc062723c751e8b465ee728b)
Start importing Assets/Art Assets/ThermoFlux-Machine_Art/Assets/YughuesFreeMetalMaterials/Materials/Textures/T_32_Diffuse.tga using Guid(ca4ea6523c57b804492b6ea25083411b) Importer(815301076,1909f56bfc062723c751e8b465ee728b) [PhysX] Initialized MultithreadedTaskDispatcher with 16 workers.
[PhysX] Initialized MultithreadedTaskDispatcher with 16 workers.
 -> (artifact id: 'e1d812249a83a75b42667162efa6a121') in 0.015016 seconds
Number of updated asset objects reloaded before import = 0
Number of asset objects unloaded after import = 2
========================================================================
Received Import Request.
  Time since last request: 0.000023 seconds.
  path: Assets/Art Assets/ThermoFlux-Machine_Art/Assets/YughuesFreeMetalMaterials/Materials/Textures/T_34_Normal.tga
  artifactKey: Guid(bb57d8b7e0dd55e4e9dbe2a31b82a842) Importer(815301076,1909f56bfc062723c751e8b465ee728b)
Start importing Assets/Art Assets/ThermoFlux-Machine_Art/Assets/YughuesFreeMetalMaterials/Materials/Textures/T_34_Normal.tga using Guid(bb57d8b7e0dd55e4e9dbe2a31b82a842) Importer(815301076,1909f56bfc062723c751e8b465ee728b) [PhysX] Initialized MultithreadedTaskDispatcher with 16 workers.
[PhysX] Initialized MultithreadedTaskDispatcher with 16 workers.
 -> (artifact id: 'd69316a13a21bbd02180b764d582e94f') in 0.016066 seconds
Number of updated asset objects reloaded before import = 0
Number of asset objects unloaded after import = 2
========================================================================
Received Import Request.
  Time since last request: 0.003168 seconds.
  path: Assets/Art Assets/ThermoFlux-Machine_Art/Assets/YughuesFreeMetalMaterials/Materials/Textures/T_35_Diffuse.tga
  artifactKey: Guid(7c1d65d497687d64c9db74501b19ccf8) Importer(815301076,1909f56bfc062723c751e8b465ee728b)
Start importing Assets/Art Assets/ThermoFlux-Machine_Art/Assets/YughuesFreeMetalMaterials/Materials/Textures/T_35_Diffuse.tga using Guid(7c1d65d497687d64c9db74501b19ccf8) Importer(815301076,1909f56bfc062723c751e8b465ee728b) [PhysX] Initialized MultithreadedTaskDispatcher with 16 workers.
[PhysX] Initialized MultithreadedTaskDispatcher with 16 workers.
 -> (artifact id: '37734fb8672b9408c4cb3eb4aa984d01') in 0.014139 seconds
Number of updated asset objects reloaded before import = 0
Number of asset objects unloaded after import = 2
========================================================================
Received Import Request.
  Time since last request: 0.000023 seconds.
  path: Assets/Art Assets/ThermoFlux-Machine_Art/Assets/YughuesFreeMetalMaterials/Materials/Textures/T_36_Diffuse.tga
  artifactKey: Guid(048117a1d65d06446b690db21b8598e1) Importer(815301076,1909f56bfc062723c751e8b465ee728b)
Start importing Assets/Art Assets/ThermoFlux-Machine_Art/Assets/YughuesFreeMetalMaterials/Materials/Textures/T_36_Diffuse.tga using Guid(048117a1d65d06446b690db21b8598e1) Importer(815301076,1909f56bfc062723c751e8b465ee728b) [PhysX] Initialized MultithreadedTaskDispatcher with 16 workers.
[PhysX] Initialized MultithreadedTaskDispatcher with 16 workers.
 -> (artifact id: 'b77ef04b76838cab081342ac81902622') in 0.015369 seconds
Number of updated asset objects reloaded before import = 0
Number of asset objects unloaded after import = 2
========================================================================
Received Import Request.
  Time since last request: 0.011922 seconds.
  path: Assets/Art Assets/ThermoFlux-Machine_Art/Assets/YughuesFreeMetalMaterials/Materials/Textures/T_37_Diffuse.tga
  artifactKey: Guid(464a455c600e8a045bf4b7a3175e0c73) Importer(815301076,1909f56bfc062723c751e8b465ee728b)
Start importing Assets/Art Assets/ThermoFlux-Machine_Art/Assets/YughuesFreeMetalMaterials/Materials/Textures/T_37_Diffuse.tga using Guid(464a455c600e8a045bf4b7a3175e0c73) Importer(815301076,1909f56bfc062723c751e8b465ee728b) [PhysX] Initialized MultithreadedTaskDispatcher with 16 workers.
[PhysX] Initialized MultithreadedTaskDispatcher with 16 workers.
 -> (artifact id: '3b1cae37e76259023dd4b41e6307ae01') in 0.015720 seconds
Number of updated asset objects reloaded before import = 0
Number of asset objects unloaded after import = 2
========================================================================
Received Import Request.
  Time since last request: 0.000023 seconds.
  path: Assets/Art Assets/ThermoFlux-Machine_Art/Assets/YughuesFreeMetalMaterials/Materials/Textures/T_38_Specular.tga
  artifactKey: Guid(31da0e9d4e721be4ca16edb93d39a93d) Importer(815301076,1909f56bfc062723c751e8b465ee728b)
Start importing Assets/Art Assets/ThermoFlux-Machine_Art/Assets/YughuesFreeMetalMaterials/Materials/Textures/T_38_Specular.tga using Guid(31da0e9d4e721be4ca16edb93d39a93d) Importer(815301076,1909f56bfc062723c751e8b465ee728b) [PhysX] Initialized MultithreadedTaskDispatcher with 16 workers.
[PhysX] Initialized MultithreadedTaskDispatcher with 16 workers.
 -> (artifact id: 'd5785255216fd1bd6aa605b3a4b88b75') in 0.012206 seconds
Number of updated asset objects reloaded before import = 0
Number of asset objects unloaded after import = 2
========================================================================
Received Import Request.
  Time since last request: 0.067804 seconds.
  path: Assets/Art Assets/ThermoFlux-Machine_Art/Assets/YughuesFreeMetalMaterials/Materials/Textures/T_39_Diffuse.tga
  artifactKey: Guid(858edb10117ddc24a805151cb8bb53ff) Importer(815301076,1909f56bfc062723c751e8b465ee728b)
Start importing Assets/Art Assets/ThermoFlux-Machine_Art/Assets/YughuesFreeMetalMaterials/Materials/Textures/T_39_Diffuse.tga using Guid(858edb10117ddc24a805151cb8bb53ff) Importer(815301076,1909f56bfc062723c751e8b465ee728b) [PhysX] Initialized MultithreadedTaskDispatcher with 16 workers.
[PhysX] Initialized MultithreadedTaskDispatcher with 16 workers.
 -> (artifact id: 'f06dc3b1aae0a27793805f10daf7d2cd') in 0.015405 seconds
Number of updated asset objects reloaded before import = 0
Number of asset objects unloaded after import = 2
========================================================================
Received Import Request.
  Time since last request: 0.252546 seconds.
  path: Assets/Art Assets/ThermoFlux-Machine_Art/Assets/YughuesFreeMetalMaterials/Materials/Textures/T_40_Diffuse.tga
  artifactKey: Guid(7291e3e19509b2e46a6f452a104360f6) Importer(815301076,1909f56bfc062723c751e8b465ee728b)
Start importing Assets/Art Assets/ThermoFlux-Machine_Art/Assets/YughuesFreeMetalMaterials/Materials/Textures/T_40_Diffuse.tga using Guid(7291e3e19509b2e46a6f452a104360f6) Importer(815301076,1909f56bfc062723c751e8b465ee728b) [PhysX] Initialized MultithreadedTaskDispatcher with 16 workers.
[PhysX] Initialized MultithreadedTaskDispatcher with 16 workers.
 -> (artifact id: 'c6c269e596d50a354807ec53c16e1e03') in 0.010588 seconds
Number of updated asset objects reloaded before import = 0
Number of asset objects unloaded after import = 2
========================================================================
Received Import Request.
  Time since last request: 0.056498 seconds.
  path: Assets/Art Assets/ThermoFlux-Machine_Art/Assets/YughuesFreeMetalMaterials/Materials/Textures/T_41_Diffuse.tga
  artifactKey: Guid(a0b96b9edbb3a904a8d6b544881f4b0c) Importer(815301076,1909f56bfc062723c751e8b465ee728b)
Start importing Assets/Art Assets/ThermoFlux-Machine_Art/Assets/YughuesFreeMetalMaterials/Materials/Textures/T_41_Diffuse.tga using Guid(a0b96b9edbb3a904a8d6b544881f4b0c) Importer(815301076,1909f56bfc062723c751e8b465ee728b) [PhysX] Initialized MultithreadedTaskDispatcher with 16 workers.
[PhysX] Initialized MultithreadedTaskDispatcher with 16 workers.
 -> (artifact id: 'a58e095fb5c75f57285b9e76fed822ca') in 0.015669 seconds
Number of updated asset objects reloaded before import = 0
Number of asset objects unloaded after import = 2
========================================================================
Received Import Request.
  Time since last request: 0.020532 seconds.
  path: Assets/Art Assets/ThermoFlux-Machine_Art/Assets/YughuesFreeMetalMaterials/Materials/Textures/T_42_Diffuse.tga
  artifactKey: Guid(0649bd1fe217dd24cb6ebbb0b5cb2d6d) Importer(815301076,1909f56bfc062723c751e8b465ee728b)
Start importing Assets/Art Assets/ThermoFlux-Machine_Art/Assets/YughuesFreeMetalMaterials/Materials/Textures/T_42_Diffuse.tga using Guid(0649bd1fe217dd24cb6ebbb0b5cb2d6d) Importer(815301076,1909f56bfc062723c751e8b465ee728b) [PhysX] Initialized MultithreadedTaskDispatcher with 16 workers.
[PhysX] Initialized MultithreadedTaskDispatcher with 16 workers.
 -> (artifact id: '4651ed04de5be379a9ada1c9654b91e5') in 0.015145 seconds
Number of updated asset objects reloaded before import = 0
Number of asset objects unloaded after import = 2
========================================================================
Received Import Request.
  Time since last request: 0.072918 seconds.
  path: Assets/Art Assets/ThermoFlux-Machine_Art/Assets/YughuesFreeMetalMaterials/Materials/Textures/T_43_Diffuse.tga
  artifactKey: Guid(61bdf41cb49a71748920f36a147e455f) Importer(815301076,1909f56bfc062723c751e8b465ee728b)
Start importing Assets/Art Assets/ThermoFlux-Machine_Art/Assets/YughuesFreeMetalMaterials/Materials/Textures/T_43_Diffuse.tga using Guid(61bdf41cb49a71748920f36a147e455f) Importer(815301076,1909f56bfc062723c751e8b465ee728b) [PhysX] Initialized MultithreadedTaskDispatcher with 16 workers.
[PhysX] Initialized MultithreadedTaskDispatcher with 16 workers.
 -> (artifact id: '976f90906a71101be61f403dbd4b088c') in 0.015314 seconds
Number of updated asset objects reloaded before import = 0
Number of asset objects unloaded after import = 2
========================================================================
Received Import Request.
  Time since last request: 0.016813 seconds.
  path: Assets/Art Assets/ThermoFlux-Machine_Art/Assets/YughuesFreeMetalMaterials/Materials/Textures/T_44_Diffuse.tga
  artifactKey: Guid(f2ad0c737db19b242a7ac4ec9dbc0a2c) Importer(815301076,1909f56bfc062723c751e8b465ee728b)
Start importing Assets/Art Assets/ThermoFlux-Machine_Art/Assets/YughuesFreeMetalMaterials/Materials/Textures/T_44_Diffuse.tga using Guid(f2ad0c737db19b242a7ac4ec9dbc0a2c) Importer(815301076,1909f56bfc062723c751e8b465ee728b) [PhysX] Initialized MultithreadedTaskDispatcher with 16 workers.
[PhysX] Initialized MultithreadedTaskDispatcher with 16 workers.
 -> (artifact id: '69512d2ad55c3b7c052d2e10ac3e1bdd') in 0.015480 seconds
Number of updated asset objects reloaded before import = 0
Number of asset objects unloaded after import = 2
========================================================================
Received Import Request.
  Time since last request: 0.021181 seconds.
  path: Assets/Art Assets/ThermoFlux-Machine_Art/Assets/YughuesFreeMetalMaterials/Materials/Textures/T_45_Diffuse.tga
  artifactKey: Guid(5ace3a704151e184d97d59ad71f393fd) Importer(815301076,1909f56bfc062723c751e8b465ee728b)
Start importing Assets/Art Assets/ThermoFlux-Machine_Art/Assets/YughuesFreeMetalMaterials/Materials/Textures/T_45_Diffuse.tga using Guid(5ace3a704151e184d97d59ad71f393fd) Importer(815301076,1909f56bfc062723c751e8b465ee728b) [PhysX] Initialized MultithreadedTaskDispatcher with 16 workers.
[PhysX] Initialized MultithreadedTaskDispatcher with 16 workers.
 -> (artifact id: '9d054249f30a2b2a199a5d71c2d35413') in 0.015772 seconds
Number of updated asset objects reloaded before import = 0
Number of asset objects unloaded after import = 2
========================================================================
Received Import Request.
  Time since last request: 0.014870 seconds.
  path: Assets/Art Assets/ThermoFlux-Machine_Art/Assets/YughuesFreeMetalMaterials/Materials/Textures/T_47_Diffuse.tga
  artifactKey: Guid(9bf247a9660727e49b6f8ed46e6e2bb9) Importer(815301076,1909f56bfc062723c751e8b465ee728b)
Start importing Assets/Art Assets/ThermoFlux-Machine_Art/Assets/YughuesFreeMetalMaterials/Materials/Textures/T_47_Diffuse.tga using Guid(9bf247a9660727e49b6f8ed46e6e2bb9) Importer(815301076,1909f56bfc062723c751e8b465ee728b) [PhysX] Initialized MultithreadedTaskDispatcher with 16 workers.
[PhysX] Initialized MultithreadedTaskDispatcher with 16 workers.
 -> (artifact id: '95690da632bf60c8a3646960da755374') in 0.015648 seconds
Number of updated asset objects reloaded before import = 0
Number of asset objects unloaded after import = 2
========================================================================
Received Import Request.
  Time since last request: 0.002426 seconds.
  path: Assets/Art Assets/ThermoFlux-Machine_Art/Assets/YughuesFreeMetalMaterials/Materials/Textures/T_48_Diffuse.tga
  artifactKey: Guid(485b71d54b858e246a86b7c8713d8476) Importer(815301076,1909f56bfc062723c751e8b465ee728b)
Start importing Assets/Art Assets/ThermoFlux-Machine_Art/Assets/YughuesFreeMetalMaterials/Materials/Textures/T_48_Diffuse.tga using Guid(485b71d54b858e246a86b7c8713d8476) Importer(815301076,1909f56bfc062723c751e8b465ee728b) [PhysX] Initialized MultithreadedTaskDispatcher with 16 workers.
[PhysX] Initialized MultithreadedTaskDispatcher with 16 workers.
 -> (artifact id: '75600c90799ca8401aaec5933d0cdbe9') in 0.016323 seconds
Number of updated asset objects reloaded before import = 0
Number of asset objects unloaded after import = 2
========================================================================
Received Import Request.
  Time since last request: 0.020930 seconds.
  path: Assets/Art Assets/ThermoFlux-Machine_Art/Assets/YughuesFreeMetalMaterials/Materials/Textures/T_49_Diffuse.tga
  artifactKey: Guid(6809d5b885a2c084c8f85c4afbf126c6) Importer(815301076,1909f56bfc062723c751e8b465ee728b)
Start importing Assets/Art Assets/ThermoFlux-Machine_Art/Assets/YughuesFreeMetalMaterials/Materials/Textures/T_49_Diffuse.tga using Guid(6809d5b885a2c084c8f85c4afbf126c6) Importer(815301076,1909f56bfc062723c751e8b465ee728b) [PhysX] Initialized MultithreadedTaskDispatcher with 16 workers.
[PhysX] Initialized MultithreadedTaskDispatcher with 16 workers.
 -> (artifact id: '2abb7e215d62b77ac792237a82def668') in 0.014962 seconds
Number of updated asset objects reloaded before import = 0
Number of asset objects unloaded after import = 2
========================================================================
Received Import Request.
  Time since last request: 0.027517 seconds.
  path: Assets/Art Assets/ThermoFlux-Machine_Art/Assets/YughuesFreeMetalMaterials/Materials/Textures/T_50_Diffuse.tga
  artifactKey: Guid(027c6d88bf0fec941baa9efe8941fe2d) Importer(815301076,1909f56bfc062723c751e8b465ee728b)
Start importing Assets/Art Assets/ThermoFlux-Machine_Art/Assets/YughuesFreeMetalMaterials/Materials/Textures/T_50_Diffuse.tga using Guid(027c6d88bf0fec941baa9efe8941fe2d) Importer(815301076,1909f56bfc062723c751e8b465ee728b) [PhysX] Initialized MultithreadedTaskDispatcher with 16 workers.
[PhysX] Initialized MultithreadedTaskDispatcher with 16 workers.
 -> (artifact id: 'd6d499558818524bf7330d4c1ef7776c') in 0.016527 seconds
Number of updated asset objects reloaded before import = 0
Number of asset objects unloaded after import = 2
========================================================================
Received Import Request.
  Time since last request: 0.034601 seconds.
  path: Assets/Art Assets/ThermoFlux-Machine_Art/Assets/StarterAssets/Mobile/UI/UI_Icon_Jump.png
  artifactKey: Guid(751aa1b6637101946b2fdbb7aa27d6ad) Importer(815301076,1909f56bfc062723c751e8b465ee728b)
Start importing Assets/Art Assets/ThermoFlux-Machine_Art/Assets/StarterAssets/Mobile/UI/UI_Icon_Jump.png using Guid(751aa1b6637101946b2fdbb7aa27d6ad) Importer(815301076,1909f56bfc062723c751e8b465ee728b) [PhysX] Initialized MultithreadedTaskDispatcher with 16 workers.
[PhysX] Initialized MultithreadedTaskDispatcher with 16 workers.
 -> (artifact id: 'd34ae3817d43be4b28e00ef49410c366') in 0.020188 seconds
Number of updated asset objects reloaded before import = 0
Number of asset objects unloaded after import = 3
========================================================================
Received Import Request.
  Time since last request: 0.033772 seconds.
  path: Assets/Art Assets/ThermoFlux-Machine_Art/Assets/StarterAssets/Mobile/UI/UI_Icon_Sprint.png
  artifactKey: Guid(b0fa70abd2a79904cb00b175dfd8ec7e) Importer(815301076,1909f56bfc062723c751e8b465ee728b)
Start importing Assets/Art Assets/ThermoFlux-Machine_Art/Assets/StarterAssets/Mobile/UI/UI_Icon_Sprint.png using Guid(b0fa70abd2a79904cb00b175dfd8ec7e) Importer(815301076,1909f56bfc062723c751e8b465ee728b) [PhysX] Initialized MultithreadedTaskDispatcher with 16 workers.
[PhysX] Initialized MultithreadedTaskDispatcher with 16 workers.
 -> (artifact id: '06af47aee20d74237035248f45a6399a') in 0.020114 seconds
Number of updated asset objects reloaded before import = 0
Number of asset objects unloaded after import = 3
========================================================================
Received Prepare
Caller must complete domain reload
Begin MonoManager ReloadAssembly
- Loaded All Assemblies, in  0.466 seconds
Native extension for WindowsStandalone target not found
Native extension for Android target not found
Native extension for WebGL target not found
Mono: successfully reloaded assembly
- Finished resetting the current domain, in  1.101 seconds
Domain Reload Profiling: 1564ms
	BeginReloadAssembly (160ms)
		ExecutionOrderSort (0ms)
		DisableScriptedObjects (9ms)
		BackupInstance (0ms)
		ReleaseScriptingObjects (0ms)
		CreateAndSetChildDomain (39ms)
	RebuildCommonClasses (33ms)
	RebuildNativeTypeToScriptingClass (11ms)
	initialDomainReloadingComplete (30ms)
	LoadAllAssembliesAndSetupDomain (227ms)
		LoadAssemblies (287ms)
		RebuildTransferFunctionScriptingTraits (0ms)
		AnalyzeDomain (20ms)
			TypeCache.Refresh (6ms)
				TypeCache.ScanAssembly (0ms)
			ScanForSourceGeneratedMonoScriptInfo (0ms)
			ResolveRequiredComponents (12ms)
	FinalizeReload (1102ms)
		ReleaseScriptCaches (0ms)
		RebuildScriptCaches (0ms)
		SetupLoadedEditorAssemblies (519ms)
			LogAssemblyErrors (0ms)
			InitializePlatformSupportModulesInManaged (21ms)
			SetLoadedEditorAssemblies (4ms)
			RefreshPlugins (0ms)
			BeforeProcessingInitializeOnLoad (77ms)
			ProcessInitializeOnLoadAttributes (341ms)
			ProcessInitializeOnLoadMethodAttributes (62ms)
			AfterProcessingInitializeOnLoad (13ms)
			EditorAssembliesLoaded (0ms)
		ExecutionOrderSort2 (0ms)
		AwakeInstancesAfterBackupRestoration (12ms)
Refreshing native plugins compatible for Editor in 3.12 ms, found 3 plugins.
Preloading 0 native plugins for Editor in 0.00 ms.
Unloading 5463 Unused Serialized files (Serialized files now loaded: 0)
Unloading 21 unused Assets / (387.8 KB). Loaded Objects now: 6250.
Memory consumption went from 196.2 MB to 195.8 MB.
Total: 4.466100 ms (FindLiveObjects: 0.577500 ms CreateObjectMapping: 0.191500 ms MarkObjects: 3.562900 ms  DeleteObjects: 0.132800 ms)

Prepare: number of updated asset objects reloaded= 0
AssetImportParameters requested are different than current active one (requested -> active):
  custom:container-demuxer-ogg: 62fdf1f143b41e24485cea50d1cbac27 -> 
  custom:video-decoder-ogg-theora: a1e56fd34408186e4bbccfd4996cb3dc -> 
  custom:framework-win-MediaFoundation: 216162199b28c13a410421893ffa2e32 -> 
  custom:CustomObjectIndexerAttribute: 72b91833f83ae208fae7752999fa3104 -> 
  custom:container-demuxer-webm: 4f35f7cbe854078d1ac9338744f61a02 -> 
  custom:container-muxer-webm: aa71ff27fc2769a1b78a27578f13a17b -> 
  custom:video-decoder-webm-vp8: 9c59270c3fd7afecdb556c50c9e8de78 -> 
  custom:SearchIndexIgnoredProperties: e643bd26f0fe6173181afceb89e7c659 -> 
  custom:AudioImporter_EditorPlatform: d09bf68614088b80899f8185d706f6e7 -> 
  custom:video-encoder-webm-vp8: eb34c28f22e8b96e1ab97ce403110664 -> 
  custom:audio-decoder-ogg-vorbis: bf7c407c2cedff20999df2af8eb42d56 -> 
  custom:audio-encoder-webm-vorbis: bf7c407c2cedff20999df2af8eb42d56 -> 
========================================================================
Received Prepare
Caller must complete domain reload
Begin MonoManager ReloadAssembly
- Loaded All Assemblies, in  2.373 seconds
Native extension for WindowsStandalone target not found
Native extension for Android target not found
Native extension for WebGL target not found
Mono: successfully reloaded assembly
- Finished resetting the current domain, in 21.327 seconds
Domain Reload Profiling: 23698ms
	BeginReloadAssembly (183ms)
		ExecutionOrderSort (0ms)
		DisableScriptedObjects (4ms)
		BackupInstance (0ms)
		ReleaseScriptingObjects (0ms)
		CreateAndSetChildDomain (29ms)
	RebuildCommonClasses (133ms)
	RebuildNativeTypeToScriptingClass (11ms)
	initialDomainReloadingComplete (32ms)
	LoadAllAssembliesAndSetupDomain (2011ms)
		LoadAssemblies (2105ms)
		RebuildTransferFunctionScriptingTraits (0ms)
		AnalyzeDomain (23ms)
			TypeCache.Refresh (8ms)
				TypeCache.ScanAssembly (0ms)
			ScanForSourceGeneratedMonoScriptInfo (0ms)
			ResolveRequiredComponents (13ms)
	FinalizeReload (21328ms)
		ReleaseScriptCaches (0ms)
		RebuildScriptCaches (0ms)
		SetupLoadedEditorAssemblies (582ms)
			LogAssemblyErrors (0ms)
			InitializePlatformSupportModulesInManaged (28ms)
			SetLoadedEditorAssemblies (3ms)
			RefreshPlugins (0ms)
			BeforeProcessingInitializeOnLoad (79ms)
			ProcessInitializeOnLoadAttributes (384ms)
			ProcessInitializeOnLoadMethodAttributes (74ms)
			AfterProcessingInitializeOnLoad (14ms)
			EditorAssembliesLoaded (0ms)
		ExecutionOrderSort2 (0ms)
		AwakeInstancesAfterBackupRestoration (12ms)
Refreshing native plugins compatible for Editor in 3.02 ms, found 3 plugins.
Preloading 0 native plugins for Editor in 0.00 ms.
Unloading 5463 Unused Serialized files (Serialized files now loaded: 0)
Unloading 21 unused Assets / (387.9 KB). Loaded Objects now: 6266.
Memory consumption went from 196.0 MB to 195.7 MB.
Total: 3.855200 ms (FindLiveObjects: 0.518500 ms CreateObjectMapping: 0.151800 ms MarkObjects: 3.078600 ms  DeleteObjects: 0.105200 ms)

Prepare: number of updated asset objects reloaded= 0
AssetImportParameters requested are different than current active one (requested -> active):
  custom:container-demuxer-ogg: 62fdf1f143b41e24485cea50d1cbac27 -> 
  custom:video-decoder-ogg-theora: a1e56fd34408186e4bbccfd4996cb3dc -> 
  custom:framework-win-MediaFoundation: 216162199b28c13a410421893ffa2e32 -> 
  custom:CustomObjectIndexerAttribute: 72b91833f83ae208fae7752999fa3104 -> 
  custom:container-demuxer-webm: 4f35f7cbe854078d1ac9338744f61a02 -> 
  custom:container-muxer-webm: aa71ff27fc2769a1b78a27578f13a17b -> 
  custom:video-decoder-webm-vp8: 9c59270c3fd7afecdb556c50c9e8de78 -> 
  custom:SearchIndexIgnoredProperties: e643bd26f0fe6173181afceb89e7c659 -> 
  custom:AudioImporter_EditorPlatform: d09bf68614088b80899f8185d706f6e7 -> 
  custom:video-encoder-webm-vp8: eb34c28f22e8b96e1ab97ce403110664 -> 
  custom:audio-decoder-ogg-vorbis: bf7c407c2cedff20999df2af8eb42d56 -> 
  custom:audio-encoder-webm-vorbis: bf7c407c2cedff20999df2af8eb42d56 -> 
========================================================================
Received Prepare
Caller must complete domain reload
Begin MonoManager ReloadAssembly
- Loaded All Assemblies, in  0.471 seconds
Native extension for WindowsStandalone target not found
Native extension for Android target not found
Native extension for WebGL target not found
Mono: successfully reloaded assembly
- Finished resetting the current domain, in  1.123 seconds
Domain Reload Profiling: 1592ms
	BeginReloadAssembly (160ms)
		ExecutionOrderSort (0ms)
		DisableScriptedObjects (6ms)
		BackupInstance (0ms)
		ReleaseScriptingObjects (0ms)
		CreateAndSetChildDomain (31ms)
	RebuildCommonClasses (33ms)
	RebuildNativeTypeToScriptingClass (13ms)
	initialDomainReloadingComplete (31ms)
	LoadAllAssembliesAndSetupDomain (231ms)
		LoadAssemblies (293ms)
		RebuildTransferFunctionScriptingTraits (0ms)
		AnalyzeDomain (20ms)
			TypeCache.Refresh (6ms)
				TypeCache.ScanAssembly (0ms)
			ScanForSourceGeneratedMonoScriptInfo (0ms)
			ResolveRequiredComponents (12ms)
	FinalizeReload (1124ms)
		ReleaseScriptCaches (0ms)
		RebuildScriptCaches (0ms)
		SetupLoadedEditorAssemblies (535ms)
			LogAssemblyErrors (0ms)
			InitializePlatformSupportModulesInManaged (22ms)
			SetLoadedEditorAssemblies (4ms)
			RefreshPlugins (0ms)
			BeforeProcessingInitializeOnLoad (79ms)
			ProcessInitializeOnLoadAttributes (359ms)
			ProcessInitializeOnLoadMethodAttributes (61ms)
			AfterProcessingInitializeOnLoad (10ms)
			EditorAssembliesLoaded (0ms)
		ExecutionOrderSort2 (0ms)
		AwakeInstancesAfterBackupRestoration (11ms)
Refreshing native plugins compatible for Editor in 3.34 ms, found 3 plugins.
Preloading 0 native plugins for Editor in 0.00 ms.
Unloading 5463 Unused Serialized files (Serialized files now loaded: 0)
Unloading 21 unused Assets / (387.8 KB). Loaded Objects now: 6282.
Memory consumption went from 196.1 MB to 195.7 MB.
Total: 4.321400 ms (FindLiveObjects: 0.571000 ms CreateObjectMapping: 0.335700 ms MarkObjects: 3.260200 ms  DeleteObjects: 0.153200 ms)

Prepare: number of updated asset objects reloaded= 0
AssetImportParameters requested are different than current active one (requested -> active):
  custom:container-demuxer-ogg: 62fdf1f143b41e24485cea50d1cbac27 -> 
  custom:video-decoder-ogg-theora: a1e56fd34408186e4bbccfd4996cb3dc -> 
  custom:framework-win-MediaFoundation: 216162199b28c13a410421893ffa2e32 -> 
  custom:CustomObjectIndexerAttribute: 72b91833f83ae208fae7752999fa3104 -> 
  custom:container-demuxer-webm: 4f35f7cbe854078d1ac9338744f61a02 -> 
  custom:container-muxer-webm: aa71ff27fc2769a1b78a27578f13a17b -> 
  custom:video-decoder-webm-vp8: 9c59270c3fd7afecdb556c50c9e8de78 -> 
  custom:SearchIndexIgnoredProperties: e643bd26f0fe6173181afceb89e7c659 -> 
  custom:AudioImporter_EditorPlatform: d09bf68614088b80899f8185d706f6e7 -> 
  custom:video-encoder-webm-vp8: eb34c28f22e8b96e1ab97ce403110664 -> 
  custom:audio-decoder-ogg-vorbis: bf7c407c2cedff20999df2af8eb42d56 -> 
  custom:audio-encoder-webm-vorbis: bf7c407c2cedff20999df2af8eb42d56 -> 
========================================================================
Received Prepare
Caller must complete domain reload
Begin MonoManager ReloadAssembly
- Loaded All Assemblies, in  0.456 seconds
Native extension for WindowsStandalone target not found
Native extension for Android target not found
Native extension for WebGL target not found
Mono: successfully reloaded assembly
- Finished resetting the current domain, in  1.106 seconds
Domain Reload Profiling: 1559ms
	BeginReloadAssembly (145ms)
		ExecutionOrderSort (0ms)
		DisableScriptedObjects (4ms)
		BackupInstance (0ms)
		ReleaseScriptingObjects (0ms)
		CreateAndSetChildDomain (32ms)
	RebuildCommonClasses (31ms)
	RebuildNativeTypeToScriptingClass (11ms)
	initialDomainReloadingComplete (31ms)
	LoadAllAssembliesAndSetupDomain (234ms)
		LoadAssemblies (291ms)
		RebuildTransferFunctionScriptingTraits (0ms)
		AnalyzeDomain (20ms)
			TypeCache.Refresh (6ms)
				TypeCache.ScanAssembly (0ms)
			ScanForSourceGeneratedMonoScriptInfo (0ms)
			ResolveRequiredComponents (12ms)
	FinalizeReload (1107ms)
		ReleaseScriptCaches (0ms)
		RebuildScriptCaches (0ms)
		SetupLoadedEditorAssemblies (523ms)
			LogAssemblyErrors (0ms)
			InitializePlatformSupportModulesInManaged (23ms)
			SetLoadedEditorAssemblies (4ms)
			RefreshPlugins (0ms)
			BeforeProcessingInitializeOnLoad (80ms)
			ProcessInitializeOnLoadAttributes (345ms)
			ProcessInitializeOnLoadMethodAttributes (61ms)
			AfterProcessingInitializeOnLoad (9ms)
			EditorAssembliesLoaded (0ms)
		ExecutionOrderSort2 (0ms)
		AwakeInstancesAfterBackupRestoration (13ms)
Refreshing native plugins compatible for Editor in 3.69 ms, found 3 plugins.
Preloading 0 native plugins for Editor in 0.00 ms.
Unloading 5463 Unused Serialized files (Serialized files now loaded: 0)
Unloading 21 unused Assets / (387.9 KB). Loaded Objects now: 6298.
Memory consumption went from 196.1 MB to 195.8 MB.
Total: 4.782500 ms (FindLiveObjects: 0.648200 ms CreateObjectMapping: 0.158200 ms MarkObjects: 3.758000 ms  DeleteObjects: 0.217000 ms)

Prepare: number of updated asset objects reloaded= 0
AssetImportParameters requested are different than current active one (requested -> active):
  custom:container-demuxer-ogg: 62fdf1f143b41e24485cea50d1cbac27 -> 
  custom:video-decoder-ogg-theora: a1e56fd34408186e4bbccfd4996cb3dc -> 
  custom:framework-win-MediaFoundation: 216162199b28c13a410421893ffa2e32 -> 
  custom:CustomObjectIndexerAttribute: 72b91833f83ae208fae7752999fa3104 -> 
  custom:container-demuxer-webm: 4f35f7cbe854078d1ac9338744f61a02 -> 
  custom:container-muxer-webm: aa71ff27fc2769a1b78a27578f13a17b -> 
  custom:video-decoder-webm-vp8: 9c59270c3fd7afecdb556c50c9e8de78 -> 
  custom:SearchIndexIgnoredProperties: e643bd26f0fe6173181afceb89e7c659 -> 
  custom:AudioImporter_EditorPlatform: d09bf68614088b80899f8185d706f6e7 -> 
  custom:video-encoder-webm-vp8: eb34c28f22e8b96e1ab97ce403110664 -> 
  custom:audio-decoder-ogg-vorbis: bf7c407c2cedff20999df2af8eb42d56 -> 
  custom:audio-encoder-webm-vorbis: bf7c407c2cedff20999df2af8eb42d56 -> 
========================================================================
Received Prepare
Caller must complete domain reload
Begin MonoManager ReloadAssembly
- Loaded All Assemblies, in  0.507 seconds
Native extension for WindowsStandalone target not found
Native extension for Android target not found
Native extension for WebGL target not found
Mono: successfully reloaded assembly
- Finished resetting the current domain, in  1.197 seconds
Domain Reload Profiling: 1702ms
	BeginReloadAssembly (150ms)
		ExecutionOrderSort (0ms)
		DisableScriptedObjects (5ms)
		BackupInstance (0ms)
		ReleaseScriptingObjects (0ms)
		CreateAndSetChildDomain (30ms)
	RebuildCommonClasses (31ms)
	RebuildNativeTypeToScriptingClass (11ms)
	initialDomainReloadingComplete (31ms)
	LoadAllAssembliesAndSetupDomain (281ms)
		LoadAssemblies (342ms)
		RebuildTransferFunctionScriptingTraits (0ms)
		AnalyzeDomain (22ms)
			TypeCache.Refresh (8ms)
				TypeCache.ScanAssembly (0ms)
			ScanForSourceGeneratedMonoScriptInfo (0ms)
			ResolveRequiredComponents (12ms)
	FinalizeReload (1198ms)
		ReleaseScriptCaches (0ms)
		RebuildScriptCaches (0ms)
		SetupLoadedEditorAssemblies (549ms)
			LogAssemblyErrors (0ms)
			InitializePlatformSupportModulesInManaged (21ms)
			SetLoadedEditorAssemblies (4ms)
			RefreshPlugins (0ms)
			BeforeProcessingInitializeOnLoad (80ms)
			ProcessInitializeOnLoadAttributes (362ms)
			ProcessInitializeOnLoadMethodAttributes (73ms)
			AfterProcessingInitializeOnLoad (10ms)
			EditorAssembliesLoaded (0ms)
		ExecutionOrderSort2 (0ms)
		AwakeInstancesAfterBackupRestoration (12ms)
Refreshing native plugins compatible for Editor in 3.92 ms, found 3 plugins.
Preloading 0 native plugins for Editor in 0.00 ms.
Unloading 5463 Unused Serialized files (Serialized files now loaded: 0)
Unloading 21 unused Assets / (387.4 KB). Loaded Objects now: 6314.
Memory consumption went from 196.1 MB to 195.8 MB.
Total: 4.220200 ms (FindLiveObjects: 0.541100 ms CreateObjectMapping: 0.175800 ms MarkObjects: 3.312500 ms  DeleteObjects: 0.188900 ms)

Prepare: number of updated asset objects reloaded= 0
AssetImportParameters requested are different than current active one (requested -> active):
  custom:container-demuxer-ogg: 62fdf1f143b41e24485cea50d1cbac27 -> 
  custom:video-decoder-ogg-theora: a1e56fd34408186e4bbccfd4996cb3dc -> 
  custom:framework-win-MediaFoundation: 216162199b28c13a410421893ffa2e32 -> 
  custom:CustomObjectIndexerAttribute: 72b91833f83ae208fae7752999fa3104 -> 
  custom:container-demuxer-webm: 4f35f7cbe854078d1ac9338744f61a02 -> 
  custom:container-muxer-webm: aa71ff27fc2769a1b78a27578f13a17b -> 
  custom:video-decoder-webm-vp8: 9c59270c3fd7afecdb556c50c9e8de78 -> 
  custom:SearchIndexIgnoredProperties: e643bd26f0fe6173181afceb89e7c659 -> 
  custom:AudioImporter_EditorPlatform: d09bf68614088b80899f8185d706f6e7 -> 
  custom:video-encoder-webm-vp8: eb34c28f22e8b96e1ab97ce403110664 -> 
  custom:audio-decoder-ogg-vorbis: bf7c407c2cedff20999df2af8eb42d56 -> 
  custom:audio-encoder-webm-vorbis: bf7c407c2cedff20999df2af8eb42d56 -> 
========================================================================
Received Prepare
Caller must complete domain reload
Begin MonoManager ReloadAssembly
- Loaded All Assemblies, in  0.454 seconds
Native extension for WindowsStandalone target not found
Native extension for Android target not found
Native extension for WebGL target not found
Mono: successfully reloaded assembly
- Finished resetting the current domain, in  1.060 seconds
Domain Reload Profiling: 1511ms
	BeginReloadAssembly (150ms)
		ExecutionOrderSort (0ms)
		DisableScriptedObjects (5ms)
		BackupInstance (0ms)
		ReleaseScriptingObjects (0ms)
		CreateAndSetChildDomain (31ms)
	RebuildCommonClasses (32ms)
	RebuildNativeTypeToScriptingClass (12ms)
	initialDomainReloadingComplete (34ms)
	LoadAllAssembliesAndSetupDomain (223ms)
		LoadAssemblies (285ms)
		RebuildTransferFunctionScriptingTraits (0ms)
		AnalyzeDomain (19ms)
			TypeCache.Refresh (6ms)
				TypeCache.ScanAssembly (0ms)
			ScanForSourceGeneratedMonoScriptInfo (0ms)
			ResolveRequiredComponents (11ms)
	FinalizeReload (1061ms)
		ReleaseScriptCaches (0ms)
		RebuildScriptCaches (0ms)
		SetupLoadedEditorAssemblies (505ms)
			LogAssemblyErrors (0ms)
			InitializePlatformSupportModulesInManaged (20ms)
			SetLoadedEditorAssemblies (4ms)
			RefreshPlugins (0ms)
			BeforeProcessingInitializeOnLoad (78ms)
			ProcessInitializeOnLoadAttributes (336ms)
			ProcessInitializeOnLoadMethodAttributes (57ms)
			AfterProcessingInitializeOnLoad (9ms)
			EditorAssembliesLoaded (0ms)
		ExecutionOrderSort2 (0ms)
		AwakeInstancesAfterBackupRestoration (10ms)
Refreshing native plugins compatible for Editor in 3.99 ms, found 3 plugins.
Preloading 0 native plugins for Editor in 0.00 ms.
Unloading 5463 Unused Serialized files (Serialized files now loaded: 0)
Unloading 21 unused Assets / (387.9 KB). Loaded Objects now: 6330.
Memory consumption went from 196.2 MB to 195.8 MB.
Total: 4.163000 ms (FindLiveObjects: 0.540000 ms CreateObjectMapping: 0.157600 ms MarkObjects: 3.320300 ms  DeleteObjects: 0.144100 ms)

Prepare: number of updated asset objects reloaded= 0
AssetImportParameters requested are different than current active one (requested -> active):
  custom:container-demuxer-ogg: 62fdf1f143b41e24485cea50d1cbac27 -> 
  custom:video-decoder-ogg-theora: a1e56fd34408186e4bbccfd4996cb3dc -> 
  custom:framework-win-MediaFoundation: 216162199b28c13a410421893ffa2e32 -> 
  custom:CustomObjectIndexerAttribute: 72b91833f83ae208fae7752999fa3104 -> 
  custom:container-demuxer-webm: 4f35f7cbe854078d1ac9338744f61a02 -> 
  custom:container-muxer-webm: aa71ff27fc2769a1b78a27578f13a17b -> 
  custom:video-decoder-webm-vp8: 9c59270c3fd7afecdb556c50c9e8de78 -> 
  custom:SearchIndexIgnoredProperties: e643bd26f0fe6173181afceb89e7c659 -> 
  custom:AudioImporter_EditorPlatform: d09bf68614088b80899f8185d706f6e7 -> 
  custom:video-encoder-webm-vp8: eb34c28f22e8b96e1ab97ce403110664 -> 
  custom:audio-decoder-ogg-vorbis: bf7c407c2cedff20999df2af8eb42d56 -> 
  custom:audio-encoder-webm-vorbis: bf7c407c2cedff20999df2af8eb42d56 -> 
========================================================================
Received Import Request.
  Time since last request: 2663.055365 seconds.
  path: Assets/Materials
  artifactKey: Guid(49ad344e25f89734f91d01d9734c1b03) Importer(815301076,1909f56bfc062723c751e8b465ee728b)
Start importing Assets/Materials using Guid(49ad344e25f89734f91d01d9734c1b03) Importer(815301076,1909f56bfc062723c751e8b465ee728b) [PhysX] Initialized MultithreadedTaskDispatcher with 16 workers.
 -> (artifact id: 'fb4508ff8113c531c2c4dec46ef4e67b') in 0.006250 seconds
Number of updated asset objects reloaded before import = 0
Number of asset objects unloaded after import = 0
========================================================================
Received Import Request.
  Time since last request: 6.211836 seconds.
  path: Assets/Customizable Skybox
  artifactKey: Guid(84cbbdf0d1576a04fb217ef0d9114b73) Importer(815301076,1909f56bfc062723c751e8b465ee728b)
Start importing Assets/Customizable Skybox using Guid(84cbbdf0d1576a04fb217ef0d9114b73) Importer(815301076,1909f56bfc062723c751e8b465ee728b) [PhysX] Initialized MultithreadedTaskDispatcher with 16 workers.
 -> (artifact id: '54c3a31f0d5a536f6580449acd1f5bcd') in 0.000476 seconds
Number of updated asset objects reloaded before import = 0
Number of asset objects unloaded after import = 0
========================================================================
Received Import Request.
  Time since last request: 2.817395 seconds.
  path: Assets/Polygonal Particles
  artifactKey: Guid(852fbf244959a384280eccd6d77fb564) Importer(815301076,1909f56bfc062723c751e8b465ee728b)
Start importing Assets/Polygonal Particles using Guid(852fbf244959a384280eccd6d77fb564) Importer(815301076,1909f56bfc062723c751e8b465ee728b) [PhysX] Initialized MultithreadedTaskDispatcher with 16 workers.
 -> (artifact id: '64e442e95eed587774169622fba1044f') in 0.000545 seconds
Number of updated asset objects reloaded before import = 0
Number of asset objects unloaded after import = 0
========================================================================
Received Prepare
Caller must complete domain reload
Begin MonoManager ReloadAssembly
- Loaded All Assemblies, in  0.464 seconds
Native extension for WindowsStandalone target not found
Native extension for Android target not found
Native extension for WebGL target not found
Mono: successfully reloaded assembly
- Finished resetting the current domain, in  1.138 seconds
Domain Reload Profiling: 1598ms
	BeginReloadAssembly (155ms)
		ExecutionOrderSort (0ms)
		DisableScriptedObjects (4ms)
		BackupInstance (0ms)
		ReleaseScriptingObjects (0ms)
		CreateAndSetChildDomain (34ms)
	RebuildCommonClasses (37ms)
	RebuildNativeTypeToScriptingClass (11ms)
	initialDomainReloadingComplete (30ms)
	LoadAllAssembliesAndSetupDomain (227ms)
		LoadAssemblies (290ms)
		RebuildTransferFunctionScriptingTraits (0ms)
		AnalyzeDomain (20ms)
			TypeCache.Refresh (6ms)
				TypeCache.ScanAssembly (0ms)
			ScanForSourceGeneratedMonoScriptInfo (0ms)
			ResolveRequiredComponents (12ms)
	FinalizeReload (1138ms)
		ReleaseScriptCaches (0ms)
		RebuildScriptCaches (0ms)
		SetupLoadedEditorAssemblies (548ms)
			LogAssemblyErrors (0ms)
			InitializePlatformSupportModulesInManaged (22ms)
			SetLoadedEditorAssemblies (4ms)
			RefreshPlugins (0ms)
			BeforeProcessingInitializeOnLoad (83ms)
			ProcessInitializeOnLoadAttributes (370ms)
			ProcessInitializeOnLoadMethodAttributes (60ms)
			AfterProcessingInitializeOnLoad (10ms)
			EditorAssembliesLoaded (0ms)
		ExecutionOrderSort2 (0ms)
		AwakeInstancesAfterBackupRestoration (11ms)
Refreshing native plugins compatible for Editor in 3.80 ms, found 3 plugins.
Preloading 0 native plugins for Editor in 0.00 ms.
Unloading 5463 Unused Serialized files (Serialized files now loaded: 0)
Unloading 21 unused Assets / (387.9 KB). Loaded Objects now: 6346.
Memory consumption went from 196.1 MB to 195.7 MB.
Total: 4.425100 ms (FindLiveObjects: 0.605500 ms CreateObjectMapping: 0.144600 ms MarkObjects: 3.464400 ms  DeleteObjects: 0.208900 ms)

Prepare: number of updated asset objects reloaded= 0
AssetImportParameters requested are different than current active one (requested -> active):
  custom:container-demuxer-ogg: 62fdf1f143b41e24485cea50d1cbac27 -> 
  custom:video-decoder-ogg-theora: a1e56fd34408186e4bbccfd4996cb3dc -> 
  custom:framework-win-MediaFoundation: 216162199b28c13a410421893ffa2e32 -> 
  custom:CustomObjectIndexerAttribute: 72b91833f83ae208fae7752999fa3104 -> 
  custom:container-demuxer-webm: 4f35f7cbe854078d1ac9338744f61a02 -> 
  custom:container-muxer-webm: aa71ff27fc2769a1b78a27578f13a17b -> 
  custom:video-decoder-webm-vp8: 9c59270c3fd7afecdb556c50c9e8de78 -> 
  custom:SearchIndexIgnoredProperties: e643bd26f0fe6173181afceb89e7c659 -> 
  custom:AudioImporter_EditorPlatform: d09bf68614088b80899f8185d706f6e7 -> 
  custom:video-encoder-webm-vp8: eb34c28f22e8b96e1ab97ce403110664 -> 
  custom:audio-decoder-ogg-vorbis: bf7c407c2cedff20999df2af8eb42d56 -> 
  custom:audio-encoder-webm-vorbis: bf7c407c2cedff20999df2af8eb42d56 -> 
========================================================================
Received Import Request.
  Time since last request: 219.497997 seconds.
  path: Assets/Art Assets
  artifactKey: Guid(3714c1542db6e0c41a782030fc0b62e1) Importer(815301076,1909f56bfc062723c751e8b465ee728b)
Start importing Assets/Art Assets using Guid(3714c1542db6e0c41a782030fc0b62e1) Importer(815301076,1909f56bfc062723c751e8b465ee728b) [PhysX] Initialized MultithreadedTaskDispatcher with 16 workers.
 -> (artifact id: '03ed9cfaab909b112f1ced4bb4de1722') in 0.003911 seconds
Number of updated asset objects reloaded before import = 0
Number of asset objects unloaded after import = 0
========================================================================
Received Import Request.
  Time since last request: 1.432393 seconds.
  path: Assets/Art Assets/Platform Prefabs
  artifactKey: Guid(4dfc87d089b0f504eb51f1272a44fd0d) Importer(815301076,1909f56bfc062723c751e8b465ee728b)
Start importing Assets/Art Assets/Platform Prefabs using Guid(4dfc87d089b0f504eb51f1272a44fd0d) Importer(815301076,1909f56bfc062723c751e8b465ee728b) [PhysX] Initialized MultithreadedTaskDispatcher with 16 workers.
 -> (artifact id: '2c13119e508a3c3fa0d73f6e2f9142da') in 0.000557 seconds
Number of updated asset objects reloaded before import = 0
Number of asset objects unloaded after import = 0
========================================================================
Received Import Request.
  Time since last request: 10.930794 seconds.
  path: Assets/Art Assets/3D Models
  artifactKey: Guid(06a7e30c348784843a182813098fff07) Importer(815301076,1909f56bfc062723c751e8b465ee728b)
Start importing Assets/Art Assets/3D Models using Guid(06a7e30c348784843a182813098fff07) Importer(815301076,1909f56bfc062723c751e8b465ee728b) [PhysX] Initialized MultithreadedTaskDispatcher with 16 workers.
 -> (artifact id: '31c48bbe7904b0c089a7cd1c099d2d30') in 0.000529 seconds
Number of updated asset objects reloaded before import = 0
Number of asset objects unloaded after import = 0
========================================================================
Received Import Request.
  Time since last request: 23.066676 seconds.
  path: Assets/Art Assets/Platform Prefabs/2x2Platform.prefab
  artifactKey: Guid(ba2f6bb1625a8d74ca761772cb731e96) Importer(815301076,1909f56bfc062723c751e8b465ee728b)
Start importing Assets/Art Assets/Platform Prefabs/2x2Platform.prefab using Guid(ba2f6bb1625a8d74ca761772cb731e96) Importer(815301076,1909f56bfc062723c751e8b465ee728b) [PhysX] Initialized MultithreadedTaskDispatcher with 16 workers.
[PhysX] Initialized MultithreadedTaskDispatcher with 16 workers.
 -> (artifact id: '361a90cfef9bfea824037627ca7d3e06') in 0.300282 seconds
Number of updated asset objects reloaded before import = 0
Number of asset objects unloaded after import = 88
========================================================================
Received Import Request.
  Time since last request: 0.000029 seconds.
  path: Assets/Art Assets/Platform Prefabs/Platform_Corner.prefab
  artifactKey: Guid(7dbc8d2f4514c034a8dedc29d30951d6) Importer(815301076,1909f56bfc062723c751e8b465ee728b)
Start importing Assets/Art Assets/Platform Prefabs/Platform_Corner.prefab using Guid(7dbc8d2f4514c034a8dedc29d30951d6) Importer(815301076,1909f56bfc062723c751e8b465ee728b) [PhysX] Initialized MultithreadedTaskDispatcher with 16 workers.
[PhysX] Initialized MultithreadedTaskDispatcher with 16 workers.
 -> (artifact id: 'f5b7d917093f93757473439ef8051a29') in 0.019016 seconds
Number of updated asset objects reloaded before import = 0
Number of asset objects unloaded after import = 28
========================================================================
Received Import Request.
  Time since last request: 0.000039 seconds.
  path: Assets/Art Assets/Platform Prefabs/QuadCable.prefab
  artifactKey: Guid(48bbb8593d9e7ec43b62a3d4eca36385) Importer(815301076,1909f56bfc062723c751e8b465ee728b)
Start importing Assets/Art Assets/Platform Prefabs/QuadCable.prefab using Guid(48bbb8593d9e7ec43b62a3d4eca36385) Importer(815301076,1909f56bfc062723c751e8b465ee728b) [PhysX] Initialized MultithreadedTaskDispatcher with 16 workers.
[PhysX] Initialized MultithreadedTaskDispatcher with 16 workers.
 -> (artifact id: '6fb1aba83a066072958c466201788c5f') in 0.016678 seconds
Number of updated asset objects reloaded before import = 0
Number of asset objects unloaded after import = 17
========================================================================
Received Import Request.
  Time since last request: 0.000031 seconds.
  path: Assets/Art Assets/Platform Prefabs/IceCube.prefab
  artifactKey: Guid(3aa4615e0b4bc3149b649cd48b8f86b9) Importer(815301076,1909f56bfc062723c751e8b465ee728b)
Start importing Assets/Art Assets/Platform Prefabs/IceCube.prefab using Guid(3aa4615e0b4bc3149b649cd48b8f86b9) Importer(815301076,1909f56bfc062723c751e8b465ee728b) [PhysX] Initialized MultithreadedTaskDispatcher with 16 workers.
[PhysX] Initialized MultithreadedTaskDispatcher with 16 workers.
 -> (artifact id: '35c0e04aae19566eada835a54892d997') in 0.038296 seconds
Number of updated asset objects reloaded before import = 0
Number of asset objects unloaded after import = 18
========================================================================
Received Import Request.
  Time since last request: 0.000019 seconds.
  path: Assets/Art Assets/Platform Prefabs/Round_Full.prefab
  artifactKey: Guid(0de023afb1962bc4e9ae9b66c26688d2) Importer(815301076,1909f56bfc062723c751e8b465ee728b)
Start importing Assets/Art Assets/Platform Prefabs/Round_Full.prefab using Guid(0de023afb1962bc4e9ae9b66c26688d2) Importer(815301076,1909f56bfc062723c751e8b465ee728b) [PhysX] Initialized MultithreadedTaskDispatcher with 16 workers.
[PhysX] Initialized MultithreadedTaskDispatcher with 16 workers.
 -> (artifact id: '27491dd5536535b66670c99472cd7b63') in 0.019797 seconds
Number of updated asset objects reloaded before import = 0
Number of asset objects unloaded after import = 20
========================================================================
Received Import Request.
  Time since last request: 0.000019 seconds.
  path: Assets/Art Assets/Platform Prefabs/Platform_Center.prefab
  artifactKey: Guid(fd17c39f0f6661741bea3a20f1ae4485) Importer(815301076,1909f56bfc062723c751e8b465ee728b)
Start importing Assets/Art Assets/Platform Prefabs/Platform_Center.prefab using Guid(fd17c39f0f6661741bea3a20f1ae4485) Importer(815301076,1909f56bfc062723c751e8b465ee728b) [PhysX] Initialized MultithreadedTaskDispatcher with 16 workers.
[PhysX] Initialized MultithreadedTaskDispatcher with 16 workers.
 -> (artifact id: 'b23a6746ff29a4c3eaf179ddcb8083f4') in 0.018197 seconds
Number of updated asset objects reloaded before import = 0
Number of asset objects unloaded after import = 18
========================================================================
Received Import Request.
  Time since last request: 0.000025 seconds.
  path: Assets/Art Assets/Platform Prefabs/GrateTile.prefab
  artifactKey: Guid(a373fb333d0c8ee4688ea32dfec8f8df) Importer(815301076,1909f56bfc062723c751e8b465ee728b)
Start importing Assets/Art Assets/Platform Prefabs/GrateTile.prefab using Guid(a373fb333d0c8ee4688ea32dfec8f8df) Importer(815301076,1909f56bfc062723c751e8b465ee728b) [PhysX] Initialized MultithreadedTaskDispatcher with 16 workers.
[PhysX] Initialized MultithreadedTaskDispatcher with 16 workers.
 -> (artifact id: '9b9db215ac09ded900ed19d29ae20f7a') in 0.018680 seconds
Number of updated asset objects reloaded before import = 0
Number of asset objects unloaded after import = 19
Editor requested this worker to shutdown with reason: Scaling down because of idle timeout
TcpMessagingSession - receive error: operation aborted. errorcode: 995, details: The I/O operation has been aborted because of either a thread exit or an application request.
AssetImportWorker is now disconnected from the server
Process exiting
Exiting without the bug reporter. Application will terminate with return code 0